bus,t,mileage,replace
0,0,0,0
0,1,2,0
0,2,3,0
0,3,4,0
0,4,5,0
0,5,6,0
0,6,7,0
0,7,8,0
0,8,9,0
0,9,11,0
0,10,12,0
0,11,12,0
0,12,13,0
0,13,14,0
0,14,16,0
0,15,17,0
0,16,17,0
0,17,19,0
0,18,20,0
0,19,22,0
0,20,23,0
0,21,24,0
0,22,26,0
0,23,27,0
0,24,29,0
0,25,29,0
0,26,30,0
0,27,31,1
0,28,0,0
0,29,1,0
0,30,3,0
0,31,5,0
0,32,6,0
0,33,8,0
0,34,9,0
0,35,10,0
0,36,11,0
0,37,12,0
0,38,13,0
0,39,15,0
0,40,17,0
0,41,19,0
0,42,20,0
0,43,21,0
0,44,22,0
0,45,23,0
0,46,25,0
0,47,26,1
0,48,0,0
0,49,2,0
0,50,3,0
0,51,5,0
0,52,7,0
0,53,9,0
0,54,10,0
0,55,12,0
0,56,14,0
0,57,14,0
0,58,15,0
0,59,17,0
0,60,18,0
0,61,19,0
0,62,20,0
0,63,22,0
0,64,23,0
0,65,25,0
0,66,27,0
0,67,28,0
0,68,29,0
0,69,29,0
0,70,31,0
0,71,32,1
0,72,0,0
0,73,0,0
0,74,2,0
0,75,2,0
0,76,4,0
0,77,5,0
0,78,5,0
0,79,7,0
0,80,8,0
0,81,9,0
0,82,10,0
0,83,11,0
0,84,13,0
0,85,15,0
0,86,17,0
0,87,18,0
0,88,20,0
0,89,21,0
0,90,22,1
0,91,0,0
0,92,1,0
0,93,3,0
0,94,5,0
0,95,6,0
0,96,8,0
0,97,10,0
0,98,12,0
0,99,13,0
0,100,15,0
0,101,17,0
0,102,18,0
0,103,20,0
0,104,21,0
0,105,22,0
0,106,22,0
0,107,23,0
0,108,25,0
0,109,27,0
0,110,28,0
0,111,30,0
0,112,32,0
0,113,33,0
0,114,34,0
0,115,35,1
0,116,0,0
0,117,2,0
0,118,4,0
0,119,6,0
1,0,0,0
1,1,2,0
1,2,4,0
1,3,5,0
1,4,7,0
1,5,8,0
1,6,9,0
1,7,10,0
1,8,11,0
1,9,12,0
1,10,14,0
1,11,15,0
1,12,15,0
1,13,17,0
1,14,18,0
1,15,20,0
1,16,22,0
1,17,23,0
1,18,24,0
1,19,25,0
1,20,27,0
1,21,29,0
1,22,30,0
1,23,31,0
1,24,33,1
1,25,0,0
1,26,1,0
1,27,2,0
1,28,3,0
1,29,5,0
1,30,6,0
1,31,6,0
1,32,6,0
1,33,8,1
1,34,0,0
1,35,1,0
1,36,2,0
1,37,2,0
1,38,3,0
1,39,5,0
1,40,5,0
1,41,6,0
1,42,8,0
1,43,10,0
1,44,11,0
1,45,11,0
1,46,12,0
1,47,13,0
1,48,15,0
1,49,16,0
1,50,18,0
1,51,19,0
1,52,19,0
1,53,19,0
1,54,20,1
1,55,0,0
1,56,1,0
1,57,3,0
1,58,5,0
1,59,7,0
1,60,9,0
1,61,11,0
1,62,13,0
1,63,15,0
1,64,16,0
1,65,18,0
1,66,19,0
1,67,20,0
1,68,22,0
1,69,23,0
1,70,25,0
1,71,27,0
1,72,29,0
1,73,30,0
1,74,32,0
1,75,34,1
1,76,0,0
1,77,1,0
1,78,2,0
1,79,4,0
1,80,5,0
1,81,6,0
1,82,7,0
1,83,7,0
1,84,9,0
1,85,10,0
1,86,12,0
1,87,13,0
1,88,14,0
1,89,15,0
1,90,17,0
1,91,19,0
1,92,20,0
1,93,22,0
1,94,22,0
1,95,22,0
1,96,22,0
1,97,23,0
1,98,24,0
1,99,25,0
1,100,26,0
1,101,27,0
1,102,28,1
1,103,0,0
1,104,2,0
1,105,3,0
1,106,4,0
1,107,6,0
1,108,8,0
1,109,9,0
1,110,10,0
1,111,11,0
1,112,13,0
1,113,14,0
1,114,16,0
1,115,17,1
1,116,0,0
1,117,2,0
1,118,3,0
1,119,5,0
2,0,0,0
2,1,1,0
2,2,3,0
2,3,4,0
2,4,6,0
2,5,7,0
2,6,8,0
2,7,9,0
2,8,10,0
2,9,11,0
2,10,13,0
2,11,15,0
2,12,15,0
2,13,16,0
2,14,17,0
2,15,19,0
2,16,21,0
2,17,23,0
2,18,24,0
2,19,25,0
2,20,26,0
2,21,27,0
2,22,28,0
2,23,29,0
2,24,29,0
2,25,30,0
2,26,31,0
2,27,32,0
2,28,34,0
2,29,36,0
2,30,37,0
2,31,38,0
2,32,40,0
2,33,42,0
2,34,44,0
2,35,45,1
2,36,0,0
2,37,1,0
2,38,3,0
2,39,4,0
2,40,4,0
2,41,5,0
2,42,7,0
2,43,7,0
2,44,9,0
2,45,9,0
2,46,11,1
2,47,0,0
2,48,2,0
2,49,3,0
2,50,5,0
2,51,6,1
2,52,0,0
2,53,2,0
2,54,3,0
2,55,5,0
2,56,6,0
2,57,8,0
2,58,9,0
2,59,10,0
2,60,12,0
2,61,13,0
2,62,15,0
2,63,16,0
2,64,17,0
2,65,18,0
2,66,20,0
2,67,21,0
2,68,21,0
2,69,23,0
2,70,25,0
2,71,27,0
2,72,28,0
2,73,30,0
2,74,31,0
2,75,33,0
2,76,34,0
2,77,34,0
2,78,36,0
2,79,37,0
2,80,39,0
2,81,41,0
2,82,42,0
2,83,44,1
2,84,0,0
2,85,1,0
2,86,2,0
2,87,3,0
2,88,5,0
2,89,5,0
2,90,6,0
2,91,6,0
2,92,7,0
2,93,8,0
2,94,9,0
2,95,9,0
2,96,10,0
2,97,11,0
2,98,12,0
2,99,12,0
2,100,13,0
2,101,14,0
2,102,15,0
2,103,17,0
2,104,18,0
2,105,19,0
2,106,21,0
2,107,23,0
2,108,25,0
2,109,26,0
2,110,27,0
2,111,28,0
2,112,30,0
2,113,31,0
2,114,32,0
2,115,34,0
2,116,35,0
2,117,35,0
2,118,36,0
2,119,38,0
3,0,0,0
3,1,2,0
3,2,4,0
3,3,5,0
3,4,6,0
3,5,8,0
3,6,10,0
3,7,10,0
3,8,11,0
3,9,13,0
3,10,14,0
3,11,16,0
3,12,17,0
3,13,18,0
3,14,18,0
3,15,20,0
3,16,22,0
3,17,23,0
3,18,24,0
3,19,26,0
3,20,27,0
3,21,29,0
3,22,30,0
3,23,31,0
3,24,32,0
3,25,34,0
3,26,34,0
3,27,34,1
3,28,0,0
3,29,2,0
3,30,3,0
3,31,5,0
3,32,6,0
3,33,8,0
3,34,9,0
3,35,9,0
3,36,11,0
3,37,12,0
3,38,14,1
3,39,0,0
3,40,2,0
3,41,3,0
3,42,4,0
3,43,5,0
3,44,6,0
3,45,8,0
3,46,9,0
3,47,11,0
3,48,12,0
3,49,14,0
3,50,15,0
3,51,16,0
3,52,18,0
3,53,20,0
3,54,21,0
3,55,23,0
3,56,25,0
3,57,26,0
3,58,27,0
3,59,29,0
3,60,31,0
3,61,32,0
3,62,33,0
3,63,35,0
3,64,37,0
3,65,38,0
3,66,40,0
3,67,42,0
3,68,44,0
3,69,46,1
3,70,0,0
3,71,1,0
3,72,2,0
3,73,3,0
3,74,4,0
3,75,5,0
3,76,6,0
3,77,7,0
3,78,9,0
3,79,10,0
3,80,11,0
3,81,11,0
3,82,13,0
3,83,15,0
3,84,16,0
3,85,18,0
3,86,20,1
3,87,0,0
3,88,1,0
3,89,2,0
3,90,3,0
3,91,4,0
3,92,6,0
3,93,8,0
3,94,10,0
3,95,11,0
3,96,12,0
3,97,12,0
3,98,13,0
3,99,14,0
3,100,16,0
3,101,18,0
3,102,20,0
3,103,22,0
3,104,23,0
3,105,24,0
3,106,24,0
3,107,25,0
3,108,27,0
3,109,29,0
3,110,30,0
3,111,32,0
3,112,34,0
3,113,36,0
3,114,37,0
3,115,39,0
3,116,40,0
3,117,42,0
3,118,43,0
3,119,44,1
4,0,0,0
4,1,1,0
4,2,2,0
4,3,4,0
4,4,5,0
4,5,6,0
4,6,6,0
4,7,6,0
4,8,7,0
4,9,8,0
4,10,8,0
4,11,9,0
4,12,10,0
4,13,12,0
4,14,12,0
4,15,12,0
4,16,14,0
4,17,15,0
4,18,16,0
4,19,17,0
4,20,19,0
4,21,19,0
4,22,20,0
4,23,21,0
4,24,22,0
4,25,24,0
4,26,26,0
4,27,27,0
4,28,29,0
4,29,30,1
4,30,0,0
4,31,1,0
4,32,2,0
4,33,3,0
4,34,4,0
4,35,5,0
4,36,7,0
4,37,8,0
4,38,10,0
4,39,11,0
4,40,12,0
4,41,14,0
4,42,14,0
4,43,15,0
4,44,17,0
4,45,18,0
4,46,19,0
4,47,21,0
4,48,23,0
4,49,24,0
4,50,25,0
4,51,25,0
4,52,25,1
4,53,0,0
4,54,1,0
4,55,2,0
4,56,2,0
4,57,3,0
4,58,4,0
4,59,5,0
4,60,7,0
4,61,7,0
4,62,8,0
4,63,9,0
4,64,11,0
4,65,12,0
4,66,12,0
4,67,13,0
4,68,15,0
4,69,17,0
4,70,18,0
4,71,20,0
4,72,21,0
4,73,22,0
4,74,23,0
4,75,25,0
4,76,26,0
4,77,27,0
4,78,28,0
4,79,29,0
4,80,30,0
4,81,30,0
4,82,31,0
4,83,33,0
4,84,35,1
4,85,0,0
4,86,1,0
4,87,2,0
4,88,3,0
4,89,5,0
4,90,6,0
4,91,7,0
4,92,8,0
4,93,9,0
4,94,10,0
4,95,11,0
4,96,11,0
4,97,12,0
4,98,14,0
4,99,15,0
4,100,17,0
4,101,18,0
4,102,19,0
4,103,20,1
4,104,0,0
4,105,1,0
4,106,3,0
4,107,3,0
4,108,4,0
4,109,6,0
4,110,7,0
4,111,8,0
4,112,10,0
4,113,10,0
4,114,11,0
4,115,12,0
4,116,14,0
4,117,16,0
4,118,17,0
4,119,18,0
5,0,0,0
5,1,2,0
5,2,3,0
5,3,4,0
5,4,6,0
5,5,8,0
5,6,9,0
5,7,10,0
5,8,11,0
5,9,13,0
5,10,14,0
5,11,15,0
5,12,15,0
5,13,16,0
5,14,17,0
5,15,19,0
5,16,20,0
5,17,21,0
5,18,21,0
5,19,23,0
5,20,25,0
5,21,25,0
5,22,26,0
5,23,27,0
5,24,27,0
5,25,29,0
5,26,30,0
5,27,31,0
5,28,33,1
5,29,0,0
5,30,2,0
5,31,3,0
5,32,5,0
5,33,7,0
5,34,7,0
5,35,9,0
5,36,11,0
5,37,13,0
5,38,14,0
5,39,16,0
5,40,18,0
5,41,19,0
5,42,21,0
5,43,22,1
5,44,0,0
5,45,2,0
5,46,4,0
5,47,5,0
5,48,6,0
5,49,6,0
5,50,7,0
5,51,8,0
5,52,9,0
5,53,11,0
5,54,13,0
5,55,15,0
5,56,16,0
5,57,17,0
5,58,17,0
5,59,19,0
5,60,21,0
5,61,22,0
5,62,23,0
5,63,25,0
5,64,27,0
5,65,29,0
5,66,31,0
5,67,32,0
5,68,34,0
5,69,35,0
5,70,36,0
5,71,37,0
5,72,39,0
5,73,40,0
5,74,41,0
5,75,42,0
5,76,43,0
5,77,44,0
5,78,46,0
5,79,48,0
5,80,49,0
5,81,51,0
5,82,52,0
5,83,52,1
5,84,0,0
5,85,1,0
5,86,1,0
5,87,2,0
5,88,3,0
5,89,4,0
5,90,6,0
5,91,7,0
5,92,8,0
5,93,9,0
5,94,11,0
5,95,13,0
5,96,14,0
5,97,15,0
5,98,16,0
5,99,18,0
5,100,20,0
5,101,22,0
5,102,24,0
5,103,25,0
5,104,26,0
5,105,28,0
5,106,28,0
5,107,28,0
5,108,29,0
5,109,29,0
5,110,29,0
5,111,30,0
5,112,32,0
5,113,33,0
5,114,34,0
5,115,35,0
5,116,37,1
5,117,0,0
5,118,1,0
5,119,2,0
6,0,0,0
6,1,2,0
6,2,3,0
6,3,5,0
6,4,7,0
6,5,7,0
6,6,8,0
6,7,10,0
6,8,10,0
6,9,11,0
6,10,13,0
6,11,14,0
6,12,15,0
6,13,16,0
6,14,18,0
6,15,19,0
6,16,20,0
6,17,21,0
6,18,23,0
6,19,25,0
6,20,27,0
6,21,29,0
6,22,30,0
6,23,32,1
6,24,0,0
6,25,2,0
6,26,4,0
6,27,4,0
6,28,5,0
6,29,7,0
6,30,8,0
6,31,8,0
6,32,10,0
6,33,12,0
6,34,14,0
6,35,14,0
6,36,16,0
6,37,17,0
6,38,19,0
6,39,21,0
6,40,22,0
6,41,23,0
6,42,24,0
6,43,24,0
6,44,25,1
6,45,0,0
6,46,1,0
6,47,2,0
6,48,2,0
6,49,4,0
6,50,5,0
6,51,7,0
6,52,8,0
6,53,10,0
6,54,11,0
6,55,12,0
6,56,14,0
6,57,15,0
6,58,16,0
6,59,17,0
6,60,18,0
6,61,19,1
6,62,0,0
6,63,2,0
6,64,3,0
6,65,4,0
6,66,6,0
6,67,7,0
6,68,9,0
6,69,11,0
6,70,12,0
6,71,12,0
6,72,14,0
6,73,16,0
6,74,17,0
6,75,17,0
6,76,17,0
6,77,18,0
6,78,20,0
6,79,22,0
6,80,24,0
6,81,26,0
6,82,27,0
6,83,28,0
6,84,30,0
6,85,32,0
6,86,32,0
6,87,34,0
6,88,35,0
6,89,37,1
6,90,0,0
6,91,1,0
6,92,2,0
6,93,3,0
6,94,4,0
6,95,6,0
6,96,8,0
6,97,9,0
6,98,10,0
6,99,12,0
6,100,14,0
6,101,15,0
6,102,16,0
6,103,16,0
6,104,17,0
6,105,19,0
6,106,20,0
6,107,21,0
6,108,22,0
6,109,24,0
6,110,25,0
6,111,27,0
6,112,29,0
6,113,30,0
6,114,31,0
6,115,33,0
6,116,35,0
6,117,36,0
6,118,38,1
6,119,0,0
7,0,0,0
7,1,1,0
7,2,3,0
7,3,5,0
7,4,7,0
7,5,8,0
7,6,9,0
7,7,10,0
7,8,12,0
7,9,14,1
7,10,0,0
7,11,1,0
7,12,2,0
7,13,3,0
7,14,4,0
7,15,5,0
7,16,5,0
7,17,6,0
7,18,7,0
7,19,9,0
7,20,11,0
7,21,12,0
7,22,14,0
7,23,15,0
7,24,17,0
7,25,19,0
7,26,20,0
7,27,21,0
7,28,22,0
7,29,23,0
7,30,25,0
7,31,27,0
7,32,29,0
7,33,31,0
7,34,33,0
7,35,33,0
7,36,35,0
7,37,37,0
7,38,39,0
7,39,40,1
7,40,0,0
7,41,2,0
7,42,2,0
7,43,4,0
7,44,6,0
7,45,8,0
7,46,10,0
7,47,12,0
7,48,13,0
7,49,15,0
7,50,16,0
7,51,17,0
7,52,18,0
7,53,20,0
7,54,21,0
7,55,22,0
7,56,24,1
7,57,0,0
7,58,2,0
7,59,4,0
7,60,5,0
7,61,7,0
7,62,9,0
7,63,10,0
7,64,11,0
7,65,12,0
7,66,13,0
7,67,14,0
7,68,15,0
7,69,16,0
7,70,18,0
7,71,19,0
7,72,20,0
7,73,20,0
7,74,20,0
7,75,22,0
7,76,23,0
7,77,25,0
7,78,25,0
7,79,27,0
7,80,28,0
7,81,29,0
7,82,29,0
7,83,31,0
7,84,31,0
7,85,32,0
7,86,34,0
7,87,35,0
7,88,36,1
7,89,0,0
7,90,1,0
7,91,2,0
7,92,3,0
7,93,4,0
7,94,5,0
7,95,7,0
7,96,8,0
7,97,9,0
7,98,11,0
7,99,11,0
7,100,12,0
7,101,14,0
7,102,15,0
7,103,16,0
7,104,18,0
7,105,20,0
7,106,21,0
7,107,22,0
7,108,23,1
7,109,0,0
7,110,2,0
7,111,4,0
7,112,6,0
7,113,7,0
7,114,9,0
7,115,10,0
7,116,11,0
7,117,13,0
7,118,15,0
7,119,16,0
8,0,0,0
8,1,2,0
8,2,3,0
8,3,4,0
8,4,6,0
8,5,7,0
8,6,8,0
8,7,9,0
8,8,11,0
8,9,12,0
8,10,13,0
8,11,14,0
8,12,14,0
8,13,15,0
8,14,17,0
8,15,19,0
8,16,21,0
8,17,22,0
8,18,24,0
8,19,25,0
8,20,27,0
8,21,28,0
8,22,29,0
8,23,31,0
8,24,32,0
8,25,34,0
8,26,36,0
8,27,38,0
8,28,39,0
8,29,40,0
8,30,41,0
8,31,42,0
8,32,44,1
8,33,0,0
8,34,2,0
8,35,3,0
8,36,4,1
8,37,0,0
8,38,1,0
8,39,2,0
8,40,4,0
8,41,5,0
8,42,6,0
8,43,7,0
8,44,9,0
8,45,11,0
8,46,12,0
8,47,14,0
8,48,16,0
8,49,18,0
8,50,19,1
8,51,0,0
8,52,1,0
8,53,3,0
8,54,4,0
8,55,6,0
8,56,8,0
8,57,9,0
8,58,10,0
8,59,12,0
8,60,13,0
8,61,14,0
8,62,15,0
8,63,16,0
8,64,17,0
8,65,19,0
8,66,20,0
8,67,21,1
8,68,0,0
8,69,1,0
8,70,2,0
8,71,3,0
8,72,4,0
8,73,5,0
8,74,6,0
8,75,8,0
8,76,9,0
8,77,10,0
8,78,12,0
8,79,12,0
8,80,13,0
8,81,14,0
8,82,15,0
8,83,17,0
8,84,18,0
8,85,18,0
8,86,19,0
8,87,20,0
8,88,22,0
8,89,23,0
8,90,25,0
8,91,27,0
8,92,29,0
8,93,29,0
8,94,31,0
8,95,31,0
8,96,33,0
8,97,34,0
8,98,35,0
8,99,36,0
8,100,37,0
8,101,39,0
8,102,41,0
8,103,43,0
8,104,44,0
8,105,46,1
8,106,0,0
8,107,1,0
8,108,3,0
8,109,5,0
8,110,6,0
8,111,8,0
8,112,10,0
8,113,12,0
8,114,14,0
8,115,15,0
8,116,16,0
8,117,17,0
8,118,19,0
8,119,19,0
9,0,0,0
9,1,1,0
9,2,2,0
9,3,2,0
9,4,3,0
9,5,4,0
9,6,5,0
9,7,5,0
9,8,6,0
9,9,7,0
9,10,8,0
9,11,10,0
9,12,11,0
9,13,11,0
9,14,11,0
9,15,13,0
9,16,15,0
9,17,16,0
9,18,18,0
9,19,19,0
9,20,20,0
9,21,22,0
9,22,22,0
9,23,23,0
9,24,24,0
9,25,25,0
9,26,26,0
9,27,28,0
9,28,30,0
9,29,31,0
9,30,33,0
9,31,35,0
9,32,36,0
9,33,38,0
9,34,40,1
9,35,0,0
9,36,1,0
9,37,3,0
9,38,4,0
9,39,6,0
9,40,7,0
9,41,8,0
9,42,10,0
9,43,12,0
9,44,13,0
9,45,13,0
9,46,14,0
9,47,16,0
9,48,17,0
9,49,18,0
9,50,18,0
9,51,20,0
9,52,21,0
9,53,23,0
9,54,25,0
9,55,26,0
9,56,28,0
9,57,29,0
9,58,30,1
9,59,0,0
9,60,1,0
9,61,3,0
9,62,5,0
9,63,6,0
9,64,8,0
9,65,8,0
9,66,10,0
9,67,11,0
9,68,11,0
9,69,13,0
9,70,14,0
9,71,15,0
9,72,17,0
9,73,19,1
9,74,0,0
9,75,1,0
9,76,2,0
9,77,3,0
9,78,3,0
9,79,4,0
9,80,5,0
9,81,7,0
9,82,9,0
9,83,10,0
9,84,12,0
9,85,13,0
9,86,14,0
9,87,14,0
9,88,15,0
9,89,16,0
9,90,18,0
9,91,19,0
9,92,20,0
9,93,22,0
9,94,24,0
9,95,25,0
9,96,26,0
9,97,27,0
9,98,29,0
9,99,31,0
9,100,32,0
9,101,33,0
9,102,35,1
9,103,0,0
9,104,1,0
9,105,3,0
9,106,5,0
9,107,6,1
9,108,0,0
9,109,1,0
9,110,3,0
9,111,5,0
9,112,6,0
9,113,8,0
9,114,9,0
9,115,10,0
9,116,11,0
9,117,11,0
9,118,12,0
9,119,13,0
10,0,0,0
10,1,1,0
10,2,3,0
10,3,4,0
10,4,5,0
10,5,7,0
10,6,9,0
10,7,11,0
10,8,13,0
10,9,15,0
10,10,16,0
10,11,18,0
10,12,20,0
10,13,21,0
10,14,22,0
10,15,24,0
10,16,26,0
10,17,28,0
10,18,30,0
10,19,31,0
10,20,33,0
10,21,34,0
10,22,35,0
10,23,37,0
10,24,39,0
10,25,39,0
10,26,40,1
10,27,0,0
10,28,2,0
10,29,4,0
10,30,6,0
10,31,7,0
10,32,8,0
10,33,9,0
10,34,11,0
10,35,13,0
10,36,14,0
10,37,16,0
10,38,17,0
10,39,19,0
10,40,20,0
10,41,22,0
10,42,24,0
10,43,25,0
10,44,26,1
10,45,0,0
10,46,2,0
10,47,3,0
10,48,4,0
10,49,6,0
10,50,8,0
10,51,8,0
10,52,10,0
10,53,11,0
10,54,13,0
10,55,14,0
10,56,16,0
10,57,17,0
10,58,18,0
10,59,20,0
10,60,22,0
10,61,24,0
10,62,24,0
10,63,25,0
10,64,26,0
10,65,27,0
10,66,29,0
10,67,31,0
10,68,31,0
10,69,32,0
10,70,33,0
10,71,35,0
10,72,36,0
10,73,38,0
10,74,39,0
10,75,40,0
10,76,41,0
10,77,42,0
10,78,44,0
10,79,45,0
10,80,47,1
10,81,0,0
10,82,1,0
10,83,2,0
10,84,3,0
10,85,4,0
10,86,6,0
10,87,8,0
10,88,10,0
10,89,12,0
10,90,13,0
10,91,15,0
10,92,17,0
10,93,18,0
10,94,19,0
10,95,20,0
10,96,22,0
10,97,24,0
10,98,25,0
10,99,26,0
10,100,27,0
10,101,28,0
10,102,29,0
10,103,31,0
10,104,31,0
10,105,32,0
10,106,33,0
10,107,34,0
10,108,34,0
10,109,35,1
10,110,0,0
10,111,1,0
10,112,2,0
10,113,3,0
10,114,5,0
10,115,6,0
10,116,7,0
10,117,9,0
10,118,10,0
10,119,11,0
11,0,0,0
11,1,1,0
11,2,2,0
11,3,3,0
11,4,4,0
11,5,6,0
11,6,8,0
11,7,10,0
11,8,12,0
11,9,14,0
11,10,16,0
11,11,17,0
11,12,18,0
11,13,19,0
11,14,21,0
11,15,23,0
11,16,24,0
11,17,26,0
11,18,27,0
11,19,29,0
11,20,30,0
11,21,31,0
11,22,33,0
11,23,34,1
11,24,0,0
11,25,1,0
11,26,1,0
11,27,2,0
11,28,3,0
11,29,4,0
11,30,5,0
11,31,6,0
11,32,7,0
11,33,9,1
11,34,0,0
11,35,1,0
11,36,2,0
11,37,4,0
11,38,5,0
11,39,6,0
11,40,7,0
11,41,9,0
11,42,11,0
11,43,13,0
11,44,14,0
11,45,15,0
11,46,16,0
11,47,18,0
11,48,20,0
11,49,21,0
11,50,22,0
11,51,23,0
11,52,24,0
11,53,26,0
11,54,28,0
11,55,29,0
11,56,31,0
11,57,33,0
11,58,35,1
11,59,0,0
11,60,1,0
11,61,3,0
11,62,5,0
11,63,6,0
11,64,8,0
11,65,10,0
11,66,11,0
11,67,13,0
11,68,14,0
11,69,16,0
11,70,17,0
11,71,19,0
11,72,21,0
11,73,23,0
11,74,25,0
11,75,26,0
11,76,27,0
11,77,28,0
11,78,30,0
11,79,31,0
11,80,33,0
11,81,35,0
11,82,37,1
11,83,0,0
11,84,0,0
11,85,1,0
11,86,3,0
11,87,5,0
11,88,7,0
11,89,9,0
11,90,10,0
11,91,12,0
11,92,13,0
11,93,15,0
11,94,16,0
11,95,17,0
11,96,19,0
11,97,21,0
11,98,22,0
11,99,23,0
11,100,24,0
11,101,25,0
11,102,26,0
11,103,28,0
11,104,30,0
11,105,31,0
11,106,33,1
11,107,0,0
11,108,1,0
11,109,3,0
11,110,5,0
11,111,6,0
11,112,8,0
11,113,10,0
11,114,12,0
11,115,14,0
11,116,16,0
11,117,17,0
11,118,18,0
11,119,19,0
12,0,0,0
12,1,0,0
12,2,2,0
12,3,4,0
12,4,4,0
12,5,5,0
12,6,7,0
12,7,9,0
12,8,10,0
12,9,12,0
12,10,13,0
12,11,14,0
12,12,16,0
12,13,18,0
12,14,20,0
12,15,20,0
12,16,22,0
12,17,22,0
12,18,24,0
12,19,26,0
12,20,28,0
12,21,30,1
12,22,0,0
12,23,1,0
12,24,1,0
12,25,2,0
12,26,3,0
12,27,4,0
12,28,6,0
12,29,8,0
12,30,9,0
12,31,10,0
12,32,12,0
12,33,12,0
12,34,13,0
12,35,14,0
12,36,15,0
12,37,16,0
12,38,17,0
12,39,18,0
12,40,20,0
12,41,21,0
12,42,22,0
12,43,23,0
12,44,24,0
12,45,24,0
12,46,25,0
12,47,25,0
12,48,27,0
12,49,28,0
12,50,30,1
12,51,0,0
12,52,1,0
12,53,2,0
12,54,3,0
12,55,3,0
12,56,3,0
12,57,4,0
12,58,6,0
12,59,8,0
12,60,9,0
12,61,10,0
12,62,12,0
12,63,12,0
12,64,13,0
12,65,14,0
12,66,16,0
12,67,16,0
12,68,18,0
12,69,19,1
12,70,0,0
12,71,2,0
12,72,3,0
12,73,5,0
12,74,6,0
12,75,7,0
12,76,9,0
12,77,10,0
12,78,11,0
12,79,12,0
12,80,13,0
12,81,14,0
12,82,15,0
12,83,17,1
12,84,0,0
12,85,2,0
12,86,4,0
12,87,6,0
12,88,7,0
12,89,8,0
12,90,8,0
12,91,10,0
12,92,11,0
12,93,12,0
12,94,14,0
12,95,16,0
12,96,17,0
12,97,18,0
12,98,19,0
12,99,19,0
12,100,20,0
12,101,21,0
12,102,22,0
12,103,23,0
12,104,25,0
12,105,27,0
12,106,29,0
12,107,30,0
12,108,32,0
12,109,34,1
12,110,0,0
12,111,2,0
12,112,3,0
12,113,4,0
12,114,6,0
12,115,7,0
12,116,9,0
12,117,10,0
12,118,12,0
12,119,13,0
13,0,0,0
13,1,1,0
13,2,2,0
13,3,4,0
13,4,6,0
13,5,7,0
13,6,7,0
13,7,9,0
13,8,10,0
13,9,11,0
13,10,12,0
13,11,13,0
13,12,14,0
13,13,15,0
13,14,17,0
13,15,18,0
13,16,19,0
13,17,20,0
13,18,21,0
13,19,23,0
13,20,24,0
13,21,26,0
13,22,27,0
13,23,29,0
13,24,31,1
13,25,0,0
13,26,2,0
13,27,4,0
13,28,5,0
13,29,6,0
13,30,8,0
13,31,9,0
13,32,11,0
13,33,11,0
13,34,13,0
13,35,14,0
13,36,16,0
13,37,18,0
13,38,19,0
13,39,19,0
13,40,21,0
13,41,23,0
13,42,25,0
13,43,27,0
13,44,29,0
13,45,31,0
13,46,33,0
13,47,34,0
13,48,36,0
13,49,38,0
13,50,40,0
13,51,42,1
13,52,0,0
13,53,0,0
13,54,1,0
13,55,2,1
13,56,0,0
13,57,2,0
13,58,2,0
13,59,3,0
13,60,5,0
13,61,6,0
13,62,6,0
13,63,7,0
13,64,8,0
13,65,9,0
13,66,11,0
13,67,12,0
13,68,14,0
13,69,16,0
13,70,18,0
13,71,19,0
13,72,20,0
13,73,22,0
13,74,24,0
13,75,25,0
13,76,26,0
13,77,27,0
13,78,28,0
13,79,29,0
13,80,31,0
13,81,33,1
13,82,0,0
13,83,2,0
13,84,3,0
13,85,3,0
13,86,5,0
13,87,5,0
13,88,7,0
13,89,8,0
13,90,9,0
13,91,9,0
13,92,10,0
13,93,11,0
13,94,13,0
13,95,14,0
13,96,16,0
13,97,17,0
13,98,19,0
13,99,20,0
13,100,21,0
13,101,21,0
13,102,23,0
13,103,24,0
13,104,25,0
13,105,25,0
13,106,27,1
13,107,0,0
13,108,2,0
13,109,3,0
13,110,4,0
13,111,4,0
13,112,5,0
13,113,6,0
13,114,8,0
13,115,9,0
13,116,10,0
13,117,11,0
13,118,13,0
13,119,15,0
14,0,0,0
14,1,2,0
14,2,4,0
14,3,6,0
14,4,7,0
14,5,9,0
14,6,10,0
14,7,12,0
14,8,13,0
14,9,14,0
14,10,16,0
14,11,17,0
14,12,18,0
14,13,18,0
14,14,19,0
14,15,20,0
14,16,22,0
14,17,24,0
14,18,26,0
14,19,27,0
14,20,28,1
14,21,0,0
14,22,1,0
14,23,2,0
14,24,3,0
14,25,5,0
14,26,7,0
14,27,7,0
14,28,8,0
14,29,10,0
14,30,11,0
14,31,12,0
14,32,14,0
14,33,16,0
14,34,18,0
14,35,20,1
14,36,0,0
14,37,2,0
14,38,4,0
14,39,4,0
14,40,5,0
14,41,6,0
14,42,8,0
14,43,10,0
14,44,12,0
14,45,13,0
14,46,15,0
14,47,17,0
14,48,19,0
14,49,19,0
14,50,21,0
14,51,22,0
14,52,23,0
14,53,24,0
14,54,25,0
14,55,26,0
14,56,28,0
14,57,29,0
14,58,30,1
14,59,0,0
14,60,0,0
14,61,2,0
14,62,4,0
14,63,6,0
14,64,7,0
14,65,9,0
14,66,11,0
14,67,13,0
14,68,15,0
14,69,16,0
14,70,17,0
14,71,18,0
14,72,19,0
14,73,20,0
14,74,22,0
14,75,23,0
14,76,24,0
14,77,25,0
14,78,26,0
14,79,28,0
14,80,29,0
14,81,30,0
14,82,32,1
14,83,0,0
14,84,1,0
14,85,3,0
14,86,3,0
14,87,5,0
14,88,6,0
14,89,8,0
14,90,8,0
14,91,8,0
14,92,8,0
14,93,9,0
14,94,11,0
14,95,13,0
14,96,15,0
14,97,17,0
14,98,19,0
14,99,21,0
14,100,21,1
14,101,0,0
14,102,2,0
14,103,4,0
14,104,5,0
14,105,6,0
14,106,7,0
14,107,9,0
14,108,11,0
14,109,11,0
14,110,13,0
14,111,14,0
14,112,14,0
14,113,15,0
14,114,16,0
14,115,18,0
14,116,20,0
14,117,21,0
14,118,23,0
14,119,25,0
15,0,0,0
15,1,1,0
15,2,3,0
15,3,4,0
15,4,5,0
15,5,7,0
15,6,8,0
15,7,9,0
15,8,10,0
15,9,11,0
15,10,13,0
15,11,14,0
15,12,15,0
15,13,17,0
15,14,18,0
15,15,20,0
15,16,21,0
15,17,22,0
15,18,23,0
15,19,24,0
15,20,24,0
15,21,25,0
15,22,27,0
15,23,28,0
15,24,29,0
15,25,29,0
15,26,30,1
15,27,0,0
15,28,1,0
15,29,3,0
15,30,3,0
15,31,5,0
15,32,7,0
15,33,8,0
15,34,9,0
15,35,10,0
15,36,12,0
15,37,14,0
15,38,16,0
15,39,18,0
15,40,19,0
15,41,21,0
15,42,21,0
15,43,21,0
15,44,22,0
15,45,23,0
15,46,25,0
15,47,26,0
15,48,27,0
15,49,29,0
15,50,30,0
15,51,31,0
15,52,33,0
15,53,33,0
15,54,35,0
15,55,37,0
15,56,39,1
15,57,0,0
15,58,0,0
15,59,0,0
15,60,2,0
15,61,3,0
15,62,4,0
15,63,5,0
15,64,7,0
15,65,9,0
15,66,10,0
15,67,11,0
15,68,12,0
15,69,12,0
15,70,12,0
15,71,13,0
15,72,15,0
15,73,16,0
15,74,18,0
15,75,19,0
15,76,21,0
15,77,23,0
15,78,24,0
15,79,25,0
15,80,26,0
15,81,27,0
15,82,28,0
15,83,30,0
15,84,31,0
15,85,33,0
15,86,35,0
15,87,36,0
15,88,37,0
15,89,39,0
15,90,41,0
15,91,41,0
15,92,42,0
15,93,44,0
15,94,46,1
15,95,0,0
15,96,2,0
15,97,3,0
15,98,3,0
15,99,4,0
15,100,5,0
15,101,6,0
15,102,8,0
15,103,9,0
15,104,10,0
15,105,12,0
15,106,14,0
15,107,15,0
15,108,17,0
15,109,18,0
15,110,19,0
15,111,20,0
15,112,21,0
15,113,22,0
15,114,22,0
15,115,24,0
15,116,25,0
15,117,25,0
15,118,26,0
15,119,28,0
16,0,0,0
16,1,1,0
16,2,2,0
16,3,2,0
16,4,2,0
16,5,4,0
16,6,5,0
16,7,6,0
16,8,8,0
16,9,9,0
16,10,9,0
16,11,10,0
16,12,11,0
16,13,13,0
16,14,14,0
16,15,16,0
16,16,17,0
16,17,18,0
16,18,18,0
16,19,19,0
16,20,21,0
16,21,22,0
16,22,22,1
16,23,0,0
16,24,2,0
16,25,4,0
16,26,6,0
16,27,6,0
16,28,7,0
16,29,8,0
16,30,9,0
16,31,10,0
16,32,12,0
16,33,14,0
16,34,16,0
16,35,18,0
16,36,19,0
16,37,20,0
16,38,22,0
16,39,23,0
16,40,24,0
16,41,26,0
16,42,27,0
16,43,27,0
16,44,28,0
16,45,30,0
16,46,30,0
16,47,31,0
16,48,31,0
16,49,32,0
16,50,32,0
16,51,33,0
16,52,35,0
16,53,36,1
16,54,0,0
16,55,1,0
16,56,2,0
16,57,3,0
16,58,4,0
16,59,6,1
16,60,0,0
16,61,2,0
16,62,3,0
16,63,4,0
16,64,6,0
16,65,8,0
16,66,10,0
16,67,11,0
16,68,11,0
16,69,12,0
16,70,14,0
16,71,15,0
16,72,16,0
16,73,17,0
16,74,19,0
16,75,21,0
16,76,21,0
16,77,23,0
16,78,25,0
16,79,26,0
16,80,27,0
16,81,29,0
16,82,31,0
16,83,32,0
16,84,34,0
16,85,35,0
16,86,37,1
16,87,0,0
16,88,1,0
16,89,3,0
16,90,5,0
16,91,6,0
16,92,7,0
16,93,8,0
16,94,9,0
16,95,10,0
16,96,11,0
16,97,12,0
16,98,14,0
16,99,16,0
16,100,18,0
16,101,19,0
16,102,21,0
16,103,21,0
16,104,23,0
16,105,25,0
16,106,26,0
16,107,27,1
16,108,0,0
16,109,2,0
16,110,4,0
16,111,5,0
16,112,6,0
16,113,8,0
16,114,9,0
16,115,10,0
16,116,11,0
16,117,13,0
16,118,14,0
16,119,16,0
17,0,0,0
17,1,1,0
17,2,3,0
17,3,4,0
17,4,6,0
17,5,6,0
17,6,8,0
17,7,9,0
17,8,10,0
17,9,11,0
17,10,13,0
17,11,14,0
17,12,16,0
17,13,17,0
17,14,18,0
17,15,19,0
17,16,20,0
17,17,22,0
17,18,24,0
17,19,25,0
17,20,26,0
17,21,27,0
17,22,29,1
17,23,0,0
17,24,1,0
17,25,2,0
17,26,3,0
17,27,4,0
17,28,4,0
17,29,6,0
17,30,7,0
17,31,9,0
17,32,11,0
17,33,12,0
17,34,13,0
17,35,15,0
17,36,16,0
17,37,18,0
17,38,20,0
17,39,22,0
17,40,24,0
17,41,25,0
17,42,27,0
17,43,29,0
17,44,31,0
17,45,32,0
17,46,33,0
17,47,35,1
17,48,0,0
17,49,0,0
17,50,2,0
17,51,3,0
17,52,5,0
17,53,7,0
17,54,9,0
17,55,11,0
17,56,13,0
17,57,14,0
17,58,16,0
17,59,18,1
17,60,0,0
17,61,2,0
17,62,3,0
17,63,5,0
17,64,6,0
17,65,7,0
17,66,8,0
17,67,10,0
17,68,11,0
17,69,12,0
17,70,14,0
17,71,14,0
17,72,15,0
17,73,17,0
17,74,18,0
17,75,20,0
17,76,20,0
17,77,22,0
17,78,24,0
17,79,25,0
17,80,25,0
17,81,26,0
17,82,27,0
17,83,28,0
17,84,30,0
17,85,32,0
17,86,32,0
17,87,34,0
17,88,35,0
17,89,36,1
17,90,0,0
17,91,1,0
17,92,2,0
17,93,3,0
17,94,5,0
17,95,6,0
17,96,7,0
17,97,9,0
17,98,11,0
17,99,12,0
17,100,13,0
17,101,15,0
17,102,16,0
17,103,17,0
17,104,18,0
17,105,19,0
17,106,20,0
17,107,21,0
17,108,23,0
17,109,25,0
17,110,26,0
17,111,26,0
17,112,26,0
17,113,26,0
17,114,28,0
17,115,30,0
17,116,32,0
17,117,33,0
17,118,34,0
17,119,35,0
18,0,0,0
18,1,1,0
18,2,2,0
18,3,4,0
18,4,6,0
18,5,7,0
18,6,7,0
18,7,9,0
18,8,10,0
18,9,12,0
18,10,14,0
18,11,15,0
18,12,16,0
18,13,18,0
18,14,20,0
18,15,21,0
18,16,22,0
18,17,23,0
18,18,25,0
18,19,27,0
18,20,29,0
18,21,30,0
18,22,31,0
18,23,33,0
18,24,35,0
18,25,36,0
18,26,36,0
18,27,36,0
18,28,37,0
18,29,39,0
18,30,40,0
18,31,41,0
18,32,43,0
18,33,45,0
18,34,46,0
18,35,47,0
18,36,48,0
18,37,49,0
18,38,49,0
18,39,51,0
18,40,51,0
18,41,53,1
18,42,0,0
18,43,1,0
18,44,2,0
18,45,3,0
18,46,4,0
18,47,5,0
18,48,6,0
18,49,7,0
18,50,9,0
18,51,9,0
18,52,9,0
18,53,10,0
18,54,12,0
18,55,14,0
18,56,15,0
18,57,16,0
18,58,16,1
18,59,0,0
18,60,1,0
18,61,2,0
18,62,3,0
18,63,4,0
18,64,6,0
18,65,7,0
18,66,8,0
18,67,9,0
18,68,9,0
18,69,9,0
18,70,10,0
18,71,12,0
18,72,13,0
18,73,15,0
18,74,17,0
18,75,19,0
18,76,20,0
18,77,21,0
18,78,23,0
18,79,24,0
18,80,25,0
18,81,27,0
18,82,29,0
18,83,31,0
18,84,31,0
18,85,33,0
18,86,34,0
18,87,35,0
18,88,37,0
18,89,38,0
18,90,40,0
18,91,41,1
18,92,0,0
18,93,1,0
18,94,2,0
18,95,2,0
18,96,3,0
18,97,4,0
18,98,5,0
18,99,7,0
18,100,9,0
18,101,11,0
18,102,12,0
18,103,13,0
18,104,14,0
18,105,16,0
18,106,18,0
18,107,19,0
18,108,20,0
18,109,21,0
18,110,23,0
18,111,24,0
18,112,26,0
18,113,26,0
18,114,28,0
18,115,29,0
18,116,30,0
18,117,31,0
18,118,31,0
18,119,32,0
19,0,0,0
19,1,1,0
19,2,3,0
19,3,3,0
19,4,5,0
19,5,6,0
19,6,8,0
19,7,10,0
19,8,11,0
19,9,12,0
19,10,13,0
19,11,15,0
19,12,17,0
19,13,19,0
19,14,20,0
19,15,21,0
19,16,22,0
19,17,24,0
19,18,25,0
19,19,27,0
19,20,28,0
19,21,29,0
19,22,30,1
19,23,0,0
19,24,2,0
19,25,3,0
19,26,3,0
19,27,4,0
19,28,5,0
19,29,7,0
19,30,9,0
19,31,9,0
19,32,11,0
19,33,12,0
19,34,13,0
19,35,14,0
19,36,16,0
19,37,18,0
19,38,18,0
19,39,19,0
19,40,21,0
19,41,22,0
19,42,24,0
19,43,26,0
19,44,27,0
19,45,29,0
19,46,30,0
19,47,31,0
19,48,32,0
19,49,34,0
19,50,34,0
19,51,36,0
19,52,37,0
19,53,38,0
19,54,39,0
19,55,41,0
19,56,43,1
19,57,0,0
19,58,2,0
19,59,3,0
19,60,5,0
19,61,7,0
19,62,7,0
19,63,8,0
19,64,9,0
19,65,11,0
19,66,12,0
19,67,14,0
19,68,16,0
19,69,18,0
19,70,19,0
19,71,21,0
19,72,22,0
19,73,24,0
19,74,24,0
19,75,25,0
19,76,27,0
19,77,29,0
19,78,30,0
19,79,30,0
19,80,32,0
19,81,33,0
19,82,35,0
19,83,36,0
19,84,38,0
19,85,39,0
19,86,41,0
19,87,42,0
19,88,43,0
19,89,45,0
19,90,45,0
19,91,46,1
19,92,0,0
19,93,1,0
19,94,2,0
19,95,4,0
19,96,5,0
19,97,6,0
19,98,8,0
19,99,10,0
19,100,11,0
19,101,11,0
19,102,13,0
19,103,15,0
19,104,16,0
19,105,17,0
19,106,17,0
19,107,19,0
19,108,21,0
19,109,23,0
19,110,24,0
19,111,24,0
19,112,25,0
19,113,27,0
19,114,29,0
19,115,31,0
19,116,32,0
19,117,33,0
19,118,35,0
19,119,37,0
20,0,0,0
20,1,2,0
20,2,3,0
20,3,5,0
20,4,6,0
20,5,7,0
20,6,9,0
20,7,10,0
20,8,10,0
20,9,12,0
20,10,14,0
20,11,14,0
20,12,16,0
20,13,18,0
20,14,19,0
20,15,20,0
20,16,21,0
20,17,23,0
20,18,24,0
20,19,25,0
20,20,27,0
20,21,28,0
20,22,30,0
20,23,31,0
20,24,32,0
20,25,33,1
20,26,0,0
20,27,2,0
20,28,3,0
20,29,4,0
20,30,5,0
20,31,7,0
20,32,9,0
20,33,10,0
20,34,12,0
20,35,14,0
20,36,16,0
20,37,17,0
20,38,17,0
20,39,19,0
20,40,21,0
20,41,23,0
20,42,25,0
20,43,26,0
20,44,27,0
20,45,29,0
20,46,29,0
20,47,30,0
20,48,31,1
20,49,0,0
20,50,1,0
20,51,2,0
20,52,4,0
20,53,5,0
20,54,7,0
20,55,8,0
20,56,8,0
20,57,8,0
20,58,9,0
20,59,11,0
20,60,13,0
20,61,14,0
20,62,14,0
20,63,15,0
20,64,17,0
20,65,18,0
20,66,20,0
20,67,21,0
20,68,22,0
20,69,24,0
20,70,25,0
20,71,26,0
20,72,28,0
20,73,30,0
20,74,31,0
20,75,32,0
20,76,34,0
20,77,35,0
20,78,36,0
20,79,37,0
20,80,38,0
20,81,39,0
20,82,40,0
20,83,42,0
20,84,44,0
20,85,46,0
20,86,47,0
20,87,48,0
20,88,50,0
20,89,52,1
20,90,0,0
20,91,1,0
20,92,3,0
20,93,5,0
20,94,7,0
20,95,8,0
20,96,9,0
20,97,11,0
20,98,13,0
20,99,15,0
20,100,17,0
20,101,18,0
20,102,20,0
20,103,21,0
20,104,22,0
20,105,23,0
20,106,24,0
20,107,26,0
20,108,27,0
20,109,29,0
20,110,30,0
20,111,31,0
20,112,33,0
20,113,34,0
20,114,35,1
20,115,0,0
20,116,2,0
20,117,3,0
20,118,5,0
20,119,7,0
21,0,0,0
21,1,1,0
21,2,2,0
21,3,3,0
21,4,4,0
21,5,5,0
21,6,7,0
21,7,9,0
21,8,11,0
21,9,12,0
21,10,13,0
21,11,14,0
21,12,16,0
21,13,18,0
21,14,18,0
21,15,20,1
21,16,0,0
21,17,1,0
21,18,3,0
21,19,4,0
21,20,5,0
21,21,6,0
21,22,8,0
21,23,10,0
21,24,11,0
21,25,12,0
21,26,14,0
21,27,14,0
21,28,15,0
21,29,16,0
21,30,17,0
21,31,19,0
21,32,20,0
21,33,22,0
21,34,22,0
21,35,22,0
21,36,23,0
21,37,24,0
21,38,24,0
21,39,25,0
21,40,27,1
21,41,0,0
21,42,1,0
21,43,2,0
21,44,2,0
21,45,4,0
21,46,4,0
21,47,6,0
21,48,6,0
21,49,8,0
21,50,8,0
21,51,9,0
21,52,11,0
21,53,11,0
21,54,11,0
21,55,13,0
21,56,14,0
21,57,16,0
21,58,17,0
21,59,19,0
21,60,20,0
21,61,21,0
21,62,23,0
21,63,24,0
21,64,24,0
21,65,25,0
21,66,27,0
21,67,28,0
21,68,30,0
21,69,31,0
21,70,33,0
21,71,34,0
21,72,36,0
21,73,37,0
21,74,38,0
21,75,40,0
21,76,41,0
21,77,43,0
21,78,45,0
21,79,47,0
21,80,49,1
21,81,0,0
21,82,2,0
21,83,3,0
21,84,5,0
21,85,6,0
21,86,8,0
21,87,9,0
21,88,10,0
21,89,11,0
21,90,11,0
21,91,12,0
21,92,13,0
21,93,15,0
21,94,17,0
21,95,19,0
21,96,21,0
21,97,23,0
21,98,24,0
21,99,25,0
21,100,26,0
21,101,27,0
21,102,28,0
21,103,30,0
21,104,31,0
21,105,33,0
21,106,34,0
21,107,35,0
21,108,36,0
21,109,37,0
21,110,38,0
21,111,39,0
21,112,41,0
21,113,42,0
21,114,43,0
21,115,45,1
21,116,0,0
21,117,0,0
21,118,1,0
21,119,3,0
22,0,0,0
22,1,1,0
22,2,3,0
22,3,4,0
22,4,4,0
22,5,5,0
22,6,6,0
22,7,7,0
22,8,7,0
22,9,8,0
22,10,9,0
22,11,10,0
22,12,11,0
22,13,12,0
22,14,13,0
22,15,15,0
22,16,17,0
22,17,18,0
22,18,20,0
22,19,21,0
22,20,23,0
22,21,24,0
22,22,25,0
22,23,26,0
22,24,27,0
22,25,28,0
22,26,30,1
22,27,0,0
22,28,1,0
22,29,3,0
22,30,5,0
22,31,7,0
22,32,8,0
22,33,9,0
22,34,11,0
22,35,11,0
22,36,12,0
22,37,14,0
22,38,16,0
22,39,17,0
22,40,18,0
22,41,19,0
22,42,21,1
22,43,0,0
22,44,2,0
22,45,3,0
22,46,4,0
22,47,5,0
22,48,6,0
22,49,7,0
22,50,8,0
22,51,10,0
22,52,11,0
22,53,11,0
22,54,13,0
22,55,14,0
22,56,15,0
22,57,17,0
22,58,18,0
22,59,19,0
22,60,20,0
22,61,20,0
22,62,22,1
22,63,0,0
22,64,1,0
22,65,2,0
22,66,3,0
22,67,4,0
22,68,5,0
22,69,7,0
22,70,8,0
22,71,10,0
22,72,12,0
22,73,14,0
22,74,15,0
22,75,17,0
22,76,17,0
22,77,19,0
22,78,20,1
22,79,0,0
22,80,2,0
22,81,3,0
22,82,5,0
22,83,7,0
22,84,9,0
22,85,10,0
22,86,11,0
22,87,13,0
22,88,15,0
22,89,17,0
22,90,17,0
22,91,18,0
22,92,20,0
22,93,20,0
22,94,21,0
22,95,23,0
22,96,25,0
22,97,27,0
22,98,29,0
22,99,31,0
22,100,32,0
22,101,33,0
22,102,35,0
22,103,37,1
22,104,0,0
22,105,0,0
22,106,1,0
22,107,3,0
22,108,5,0
22,109,7,0
22,110,8,0
22,111,9,0
22,112,11,0
22,113,13,0
22,114,14,0
22,115,16,0
22,116,18,0
22,117,19,0
22,118,20,0
22,119,22,0
23,0,0,0
23,1,1,0
23,2,3,0
23,3,5,0
23,4,6,0
23,5,7,0
23,6,9,0
23,7,11,0
23,8,12,0
23,9,13,0
23,10,14,0
23,11,16,0
23,12,18,0
23,13,19,0
23,14,19,0
23,15,20,0
23,16,22,0
23,17,24,0
23,18,25,0
23,19,27,0
23,20,28,0
23,21,29,0
23,22,31,0
23,23,32,0
23,24,33,0
23,25,34,0
23,26,36,0
23,27,37,0
23,28,38,0
23,29,39,0
23,30,40,0
23,31,42,0
23,32,43,0
23,33,44,1
23,34,0,0
23,35,2,0
23,36,4,0
23,37,6,0
23,38,7,0
23,39,8,0
23,40,10,0
23,41,11,0
23,42,12,0
23,43,13,1
23,44,0,0
23,45,2,0
23,46,2,0
23,47,3,0
23,48,4,0
23,49,6,0
23,50,7,0
23,51,8,0
23,52,10,0
23,53,10,0
23,54,11,0
23,55,13,0
23,56,15,0
23,57,16,0
23,58,17,1
23,59,0,0
23,60,2,0
23,61,4,0
23,62,5,0
23,63,7,0
23,64,8,0
23,65,9,0
23,66,10,0
23,67,11,0
23,68,12,0
23,69,13,0
23,70,13,0
23,71,14,0
23,72,15,0
23,73,16,0
23,74,17,0
23,75,18,0
23,76,19,0
23,77,19,0
23,78,19,0
23,79,20,0
23,80,21,1
23,81,0,0
23,82,1,0
23,83,3,0
23,84,5,0
23,85,6,0
23,86,7,0
23,87,8,0
23,88,8,0
23,89,10,0
23,90,11,0
23,91,13,0
23,92,14,0
23,93,16,0
23,94,16,0
23,95,17,0
23,96,18,0
23,97,19,0
23,98,21,0
23,99,22,0
23,100,24,0
23,101,26,0
23,102,28,0
23,103,30,0
23,104,31,0
23,105,31,0
23,106,31,0
23,107,33,0
23,108,34,0
23,109,35,0
23,110,36,0
23,111,38,0
23,112,38,0
23,113,39,0
23,114,40,0
23,115,41,0
23,116,43,0
23,117,44,0
23,118,46,0
23,119,47,0
24,0,0,0
24,1,2,0
24,2,3,0
24,3,4,0
24,4,4,0
24,5,6,0
24,6,7,0
24,7,9,0
24,8,10,0
24,9,12,0
24,10,13,0
24,11,14,0
24,12,16,0
24,13,17,0
24,14,18,0
24,15,20,0
24,16,20,0
24,17,21,0
24,18,23,0
24,19,24,0
24,20,25,0
24,21,26,0
24,22,28,0
24,23,29,0
24,24,29,0
24,25,29,0
24,26,30,0
24,27,30,1
24,28,0,0
24,29,1,0
24,30,2,0
24,31,3,0
24,32,3,0
24,33,4,0
24,34,6,0
24,35,7,0
24,36,8,0
24,37,8,1
24,38,0,0
24,39,1,0
24,40,1,0
24,41,2,0
24,42,3,0
24,43,5,0
24,44,7,0
24,45,8,0
24,46,10,0
24,47,11,0
24,48,13,0
24,49,14,0
24,50,15,0
24,51,15,0
24,52,17,0
24,53,18,0
24,54,20,0
24,55,21,0
24,56,23,0
24,57,24,0
24,58,25,0
24,59,26,0
24,60,27,0
24,61,27,0
24,62,27,0
24,63,28,0
24,64,30,1
24,65,0,0
24,66,1,0
24,67,3,0
24,68,5,0
24,69,7,0
24,70,9,0
24,71,10,0
24,72,10,0
24,73,11,0
24,74,12,0
24,75,14,0
24,76,15,0
24,77,17,0
24,78,17,0
24,79,19,0
24,80,20,0
24,81,21,0
24,82,22,0
24,83,24,0
24,84,26,0
24,85,28,0
24,86,28,0
24,87,30,0
24,88,32,0
24,89,33,0
24,90,35,0
24,91,36,0
24,92,36,0
24,93,37,0
24,94,39,0
24,95,40,0
24,96,41,0
24,97,42,0
24,98,44,0
24,99,44,0
24,100,45,1
24,101,0,0
24,102,1,0
24,103,2,0
24,104,4,0
24,105,5,0
24,106,7,0
24,107,8,0
24,108,10,0
24,109,12,0
24,110,14,0
24,111,15,0
24,112,16,0
24,113,18,0
24,114,19,0
24,115,21,0
24,116,22,0
24,117,23,1
24,118,0,0
24,119,1,0
25,0,0,0
25,1,0,0
25,2,1,0
25,3,3,0
25,4,3,0
25,5,4,0
25,6,4,0
25,7,5,0
25,8,5,0
25,9,6,0
25,10,7,0
25,11,8,0
25,12,8,0
25,13,10,0
25,14,10,0
25,15,12,0
25,16,13,0
25,17,13,0
25,18,14,0
25,19,16,0
25,20,17,0
25,21,19,0
25,22,20,0
25,23,21,0
25,24,21,0
25,25,23,0
25,26,25,0
25,27,27,1
25,28,0,0
25,29,1,0
25,30,3,0
25,31,4,0
25,32,5,0
25,33,6,0
25,34,8,0
25,35,10,0
25,36,11,0
25,37,12,0
25,38,13,0
25,39,15,0
25,40,17,0
25,41,19,0
25,42,19,0
25,43,20,0
25,44,21,0
25,45,22,0
25,46,24,0
25,47,25,0
25,48,26,0
25,49,27,0
25,50,29,0
25,51,31,0
25,52,33,0
25,53,34,0
25,54,36,0
25,55,38,0
25,56,40,0
25,57,40,0
25,58,41,0
25,59,42,1
25,60,0,0
25,61,1,0
25,62,2,0
25,63,3,0
25,64,5,0
25,65,7,0
25,66,9,0
25,67,11,0
25,68,12,0
25,69,14,0
25,70,15,0
25,71,17,0
25,72,18,0
25,73,19,0
25,74,19,0
25,75,21,0
25,76,23,0
25,77,23,0
25,78,24,0
25,79,25,0
25,80,27,0
25,81,29,0
25,82,30,0
25,83,32,1
25,84,0,0
25,85,1,0
25,86,3,0
25,87,5,0
25,88,7,0
25,89,8,0
25,90,8,0
25,91,9,0
25,92,11,0
25,93,11,0
25,94,12,0
25,95,13,0
25,96,15,0
25,97,17,0
25,98,19,0
25,99,19,0
25,100,21,0
25,101,23,0
25,102,24,0
25,103,25,0
25,104,26,0
25,105,26,0
25,106,27,0
25,107,29,0
25,108,30,0
25,109,31,1
25,110,0,0
25,111,2,0
25,112,2,0
25,113,4,0
25,114,5,0
25,115,6,0
25,116,6,0
25,117,8,0
25,118,8,0
25,119,9,0
26,0,0,0
26,1,1,0
26,2,2,0
26,3,3,0
26,4,4,0
26,5,5,0
26,6,6,0
26,7,8,0
26,8,10,0
26,9,11,0
26,10,12,0
26,11,14,0
26,12,16,0
26,13,17,0
26,14,19,0
26,15,20,0
26,16,21,0
26,17,23,0
26,18,24,0
26,19,26,0
26,20,27,0
26,21,27,0
26,22,28,0
26,23,29,0
26,24,30,0
26,25,31,0
26,26,32,0
26,27,33,0
26,28,34,0
26,29,35,0
26,30,37,0
26,31,38,0
26,32,39,0
26,33,41,0
26,34,43,0
26,35,44,1
26,36,0,0
26,37,2,0
26,38,3,0
26,39,4,0
26,40,6,0
26,41,7,0
26,42,7,0
26,43,7,0
26,44,9,0
26,45,11,0
26,46,12,0
26,47,13,0
26,48,13,0
26,49,13,0
26,50,15,0
26,51,16,0
26,52,17,0
26,53,19,0
26,54,20,0
26,55,22,0
26,56,24,1
26,57,0,0
26,58,2,0
26,59,3,0
26,60,4,0
26,61,6,0
26,62,6,0
26,63,7,0
26,64,7,0
26,65,8,0
26,66,9,0
26,67,10,0
26,68,11,0
26,69,13,0
26,70,15,0
26,71,17,0
26,72,18,0
26,73,20,0
26,74,22,0
26,75,24,0
26,76,25,0
26,77,26,0
26,78,27,0
26,79,28,0
26,80,30,0
26,81,32,1
26,82,0,0
26,83,1,0
26,84,2,0
26,85,4,0
26,86,6,0
26,87,7,0
26,88,8,0
26,89,8,0
26,90,8,0
26,91,9,0
26,92,11,0
26,93,12,0
26,94,13,0
26,95,14,0
26,96,15,0
26,97,17,0
26,98,18,1
26,99,0,0
26,100,2,0
26,101,3,0
26,102,4,0
26,103,5,0
26,104,6,0
26,105,7,0
26,106,9,0
26,107,10,0
26,108,10,0
26,109,12,0
26,110,13,0
26,111,15,0
26,112,15,0
26,113,16,0
26,114,17,0
26,115,17,0
26,116,19,0
26,117,19,0
26,118,21,0
26,119,22,0
27,0,0,0
27,1,0,0
27,2,1,0
27,3,2,0
27,4,4,0
27,5,6,0
27,6,8,0
27,7,10,0
27,8,10,0
27,9,12,0
27,10,14,0
27,11,16,0
27,12,18,0
27,13,20,0
27,14,22,0
27,15,23,0
27,16,25,0
27,17,26,0
27,18,27,0
27,19,29,0
27,20,31,0
27,21,32,0
27,22,33,0
27,23,34,0
27,24,34,0
27,25,35,1
27,26,0,0
27,27,1,0
27,28,3,0
27,29,5,0
27,30,7,0
27,31,9,0
27,32,10,0
27,33,12,0
27,34,14,0
27,35,15,0
27,36,15,0
27,37,15,0
27,38,16,0
27,39,18,0
27,40,19,0
27,41,20,0
27,42,21,0
27,43,22,0
27,44,23,0
27,45,24,0
27,46,25,0
27,47,26,0
27,48,28,1
27,49,0,0
27,50,2,0
27,51,2,0
27,52,2,0
27,53,4,0
27,54,6,0
27,55,6,0
27,56,7,0
27,57,9,0
27,58,11,0
27,59,13,0
27,60,14,0
27,61,16,0
27,62,18,0
27,63,20,0
27,64,21,0
27,65,22,0
27,66,23,0
27,67,24,0
27,68,25,1
27,69,0,0
27,70,2,0
27,71,4,0
27,72,6,0
27,73,8,0
27,74,10,0
27,75,12,0
27,76,13,0
27,77,15,0
27,78,17,0
27,79,19,0
27,80,21,0
27,81,22,0
27,82,24,0
27,83,25,0
27,84,27,0
27,85,28,0
27,86,28,0
27,87,30,0
27,88,32,0
27,89,32,0
27,90,34,1
27,91,0,0
27,92,1,0
27,93,2,0
27,94,4,0
27,95,5,0
27,96,7,0
27,97,8,0
27,98,9,0
27,99,9,0
27,100,10,0
27,101,10,0
27,102,11,0
27,103,11,0
27,104,11,0
27,105,12,0
27,106,14,0
27,107,15,0
27,108,15,0
27,109,16,0
27,110,18,0
27,111,19,0
27,112,21,0
27,113,23,0
27,114,25,0
27,115,26,0
27,116,27,0
27,117,29,1
27,118,0,0
27,119,0,0
28,0,0,0
28,1,1,0
28,2,3,0
28,3,5,0
28,4,7,0
28,5,9,0
28,6,10,0
28,7,11,0
28,8,11,0
28,9,12,0
28,10,13,0
28,11,15,0
28,12,16,0
28,13,18,0
28,14,19,0
28,15,20,0
28,16,21,0
28,17,22,0
28,18,24,0
28,19,25,0
28,20,27,0
28,21,28,0
28,22,30,0
28,23,31,0
28,24,32,0
28,25,32,0
28,26,34,1
28,27,0,0
28,28,2,0
28,29,4,0
28,30,5,0
28,31,6,0
28,32,7,0
28,33,9,0
28,34,11,0
28,35,12,0
28,36,13,0
28,37,14,0
28,38,16,0
28,39,17,0
28,40,19,0
28,41,20,0
28,42,22,0
28,43,24,0
28,44,24,0
28,45,26,0
28,46,28,0
28,47,29,0
28,48,30,0
28,49,31,0
28,50,33,0
28,51,33,0
28,52,34,0
28,53,36,0
28,54,37,0
28,55,38,1
28,56,0,0
28,57,1,0
28,58,3,0
28,59,5,0
28,60,6,0
28,61,6,0
28,62,7,0
28,63,7,0
28,64,9,0
28,65,10,0
28,66,12,0
28,67,14,0
28,68,16,0
28,69,17,0
28,70,19,0
28,71,20,0
28,72,21,0
28,73,23,0
28,74,25,1
28,75,0,0
28,76,1,0
28,77,2,0
28,78,4,0
28,79,6,0
28,80,7,0
28,81,9,0
28,82,11,0
28,83,13,0
28,84,14,0
28,85,16,0
28,86,17,0
28,87,19,0
28,88,20,0
28,89,21,0
28,90,23,0
28,91,25,0
28,92,27,0
28,93,29,0
28,94,30,0
28,95,32,0
28,96,33,0
28,97,34,0
28,98,36,0
28,99,38,1
28,100,0,0
28,101,1,0
28,102,1,0
28,103,3,0
28,104,4,0
28,105,5,0
28,106,6,0
28,107,7,0
28,108,9,0
28,109,10,0
28,110,11,0
28,111,12,0
28,112,14,0
28,113,15,0
28,114,17,0
28,115,18,0
28,116,19,0
28,117,21,0
28,118,22,0
28,119,23,0
29,0,0,0
29,1,2,0
29,2,3,0
29,3,5,0
29,4,7,0
29,5,7,0
29,6,9,0
29,7,10,0
29,8,12,0
29,9,13,0
29,10,14,0
29,11,16,0
29,12,17,0
29,13,19,0
29,14,21,0
29,15,23,0
29,16,25,0
29,17,26,0
29,18,27,0
29,19,28,0
29,20,30,0
29,21,31,0
29,22,33,0
29,23,35,0
29,24,36,0
29,25,38,0
29,26,40,0
29,27,41,0
29,28,43,0
29,29,45,0
29,30,46,0
29,31,47,1
29,32,0,0
29,33,2,0
29,34,4,0
29,35,5,0
29,36,7,0
29,37,8,0
29,38,8,0
29,39,10,0
29,40,12,0
29,41,12,0
29,42,12,0
29,43,13,0
29,44,14,0
29,45,15,0
29,46,16,0
29,47,17,0
29,48,19,0
29,49,19,0
29,50,20,0
29,51,22,0
29,52,24,0
29,53,25,0
29,54,26,0
29,55,27,0
29,56,27,0
29,57,29,0
29,58,31,0
29,59,32,0
29,60,33,0
29,61,33,0
29,62,33,0
29,63,34,0
29,64,36,0
29,65,38,0
29,66,40,0
29,67,41,0
29,68,42,0
29,69,43,1
29,70,0,0
29,71,2,0
29,72,4,0
29,73,6,0
29,74,7,0
29,75,9,0
29,76,10,0
29,77,11,0
29,78,12,0
29,79,13,0
29,80,14,0
29,81,14,0
29,82,14,0
29,83,16,0
29,84,18,0
29,85,20,1
29,86,0,0
29,87,1,0
29,88,2,0
29,89,2,0
29,90,4,0
29,91,5,0
29,92,6,0
29,93,8,0
29,94,9,0
29,95,11,0
29,96,12,0
29,97,14,0
29,98,16,0
29,99,17,0
29,100,19,0
29,101,20,0
29,102,21,0
29,103,23,0
29,104,23,0
29,105,24,0
29,106,24,0
29,107,26,0
29,108,28,0
29,109,29,0
29,110,31,0
29,111,33,0
29,112,35,0
29,113,37,0
29,114,38,0
29,115,40,0
29,116,42,0
29,117,44,0
29,118,45,0
29,119,46,0
30,0,0,0
30,1,1,0
30,2,3,0
30,3,5,0
30,4,7,0
30,5,9,0
30,6,11,0
30,7,13,0
30,8,14,0
30,9,16,0
30,10,17,0
30,11,18,0
30,12,20,0
30,13,22,0
30,14,23,0
30,15,24,0
30,16,25,0
30,17,26,0
30,18,27,0
30,19,28,0
30,20,29,0
30,21,30,0
30,22,32,0
30,23,33,0
30,24,34,0
30,25,35,1
30,26,0,0
30,27,1,0
30,28,3,0
30,29,3,0
30,30,5,0
30,31,7,0
30,32,8,0
30,33,9,0
30,34,11,0
30,35,11,0
30,36,13,0
30,37,15,0
30,38,17,0
30,39,18,0
30,40,19,0
30,41,20,0
30,42,21,0
30,43,22,0
30,44,23,0
30,45,24,0
30,46,25,1
30,47,0,0
30,48,1,0
30,49,3,0
30,50,5,0
30,51,7,0
30,52,8,0
30,53,9,0
30,54,10,0
30,55,11,0
30,56,11,0
30,57,12,0
30,58,13,0
30,59,14,0
30,60,14,0
30,61,16,0
30,62,18,0
30,63,18,0
30,64,19,0
30,65,20,0
30,66,22,0
30,67,23,0
30,68,25,0
30,69,26,0
30,70,28,0
30,71,30,0
30,72,31,0
30,73,32,0
30,74,34,0
30,75,35,0
30,76,36,0
30,77,36,1
30,78,0,0
30,79,1,0
30,80,1,0
30,81,2,0
30,82,3,0
30,83,4,0
30,84,5,0
30,85,6,0
30,86,8,0
30,87,8,0
30,88,10,0
30,89,12,0
30,90,13,0
30,91,15,0
30,92,15,0
30,93,16,0
30,94,17,0
30,95,19,0
30,96,21,0
30,97,22,0
30,98,23,0
30,99,25,0
30,100,25,0
30,101,27,0
30,102,28,0
30,103,30,0
30,104,32,1
30,105,0,0
30,106,1,0
30,107,3,0
30,108,5,0
30,109,6,0
30,110,7,0
30,111,8,0
30,112,10,0
30,113,11,0
30,114,13,0
30,115,14,0
30,116,15,0
30,117,16,0
30,118,17,0
30,119,18,0
31,0,0,0
31,1,2,0
31,2,4,0
31,3,6,0
31,4,7,0
31,5,9,0
31,6,10,0
31,7,11,0
31,8,12,0
31,9,13,0
31,10,14,0
31,11,15,0
31,12,16,0
31,13,17,0
31,14,17,0
31,15,19,0
31,16,20,0
31,17,20,0
31,18,22,0
31,19,23,1
31,20,0,0
31,21,2,0
31,22,4,0
31,23,5,0
31,24,7,0
31,25,9,0
31,26,10,0
31,27,12,0
31,28,14,0
31,29,16,0
31,30,16,0
31,31,17,0
31,32,17,0
31,33,18,0
31,34,20,0
31,35,22,0
31,36,24,0
31,37,25,0
31,38,26,0
31,39,28,0
31,40,30,0
31,41,32,0
31,42,33,0
31,43,34,0
31,44,35,0
31,45,35,0
31,46,37,0
31,47,39,1
31,48,0,0
31,49,1,0
31,50,3,0
31,51,4,0
31,52,6,0
31,53,8,0
31,54,9,0
31,55,10,0
31,56,11,0
31,57,11,0
31,58,11,0
31,59,13,0
31,60,13,0
31,61,14,0
31,62,15,0
31,63,17,0
31,64,18,0
31,65,20,0
31,66,22,0
31,67,24,0
31,68,26,1
31,69,0,0
31,70,2,0
31,71,3,0
31,72,4,0
31,73,5,0
31,74,7,0
31,75,9,0
31,76,11,0
31,77,12,0
31,78,13,0
31,79,15,0
31,80,16,0
31,81,18,0
31,82,20,0
31,83,21,0
31,84,23,0
31,85,25,0
31,86,26,0
31,87,28,0
31,88,30,0
31,89,30,1
31,90,0,0
31,91,1,0
31,92,2,0
31,93,4,0
31,94,6,0
31,95,7,0
31,96,8,0
31,97,8,0
31,98,10,0
31,99,12,0
31,100,13,0
31,101,15,0
31,102,15,0
31,103,17,0
31,104,19,0
31,105,21,0
31,106,22,0
31,107,24,0
31,108,25,0
31,109,27,0
31,110,28,0
31,111,29,0
31,112,30,1
31,113,0,0
31,114,1,0
31,115,3,0
31,116,5,0
31,117,6,0
31,118,7,0
31,119,9,0
32,0,0,0
32,1,1,0
32,2,3,0
32,3,5,0
32,4,5,0
32,5,7,0
32,6,9,0
32,7,9,0
32,8,11,0
32,9,13,0
32,10,15,0
32,11,16,0
32,12,17,0
32,13,18,0
32,14,19,0
32,15,21,0
32,16,22,0
32,17,24,0
32,18,25,0
32,19,27,0
32,20,28,0
32,21,29,0
32,22,30,1
32,23,0,0
32,24,1,0
32,25,3,0
32,26,4,0
32,27,6,0
32,28,7,0
32,29,8,0
32,30,10,0
32,31,12,0
32,32,14,0
32,33,15,0
32,34,16,0
32,35,18,0
32,36,20,0
32,37,21,1
32,38,0,0
32,39,0,0
32,40,2,0
32,41,3,0
32,42,4,0
32,43,5,0
32,44,7,0
32,45,8,0
32,46,9,0
32,47,9,0
32,48,10,0
32,49,12,0
32,50,13,0
32,51,15,0
32,52,17,0
32,53,19,0
32,54,21,0
32,55,23,0
32,56,23,0
32,57,24,0
32,58,25,0
32,59,26,0
32,60,28,0
32,61,30,0
32,62,32,0
32,63,34,0
32,64,36,0
32,65,37,1
32,66,0,0
32,67,1,0
32,68,3,0
32,69,5,0
32,70,7,0
32,71,8,0
32,72,10,0
32,73,12,0
32,74,13,0
32,75,14,0
32,76,16,0
32,77,17,0
32,78,18,0
32,79,19,0
32,80,21,0
32,81,22,0
32,82,24,0
32,83,25,0
32,84,26,0
32,85,27,0
32,86,27,0
32,87,29,0
32,88,30,1
32,89,0,0
32,90,2,0
32,91,4,0
32,92,6,0
32,93,8,0
32,94,9,0
32,95,10,0
32,96,11,0
32,97,12,0
32,98,13,0
32,99,14,0
32,100,14,0
32,101,16,0
32,102,18,0
32,103,19,0
32,104,20,0
32,105,22,0
32,106,23,0
32,107,24,0
32,108,25,0
32,109,26,0
32,110,28,0
32,111,28,0
32,112,30,0
32,113,31,0
32,114,32,0
32,115,33,0
32,116,34,0
32,117,35,0
32,118,36,0
32,119,37,0
33,0,0,0
33,1,1,0
33,2,3,0
33,3,5,0
33,4,7,0
33,5,8,0
33,6,9,0
33,7,11,0
33,8,13,0
33,9,14,0
33,10,16,0
33,11,17,0
33,12,19,0
33,13,21,0
33,14,23,0
33,15,24,0
33,16,26,0
33,17,28,0
33,18,30,0
33,19,31,0
33,20,33,0
33,21,34,0
33,22,34,0
33,23,35,0
33,24,36,0
33,25,38,0
33,26,39,0
33,27,40,0
33,28,41,0
33,29,43,0
33,30,45,1
33,31,0,0
33,32,0,0
33,33,2,0
33,34,4,0
33,35,5,0
33,36,7,0
33,37,8,0
33,38,9,0
33,39,11,0
33,40,12,0
33,41,14,0
33,42,15,0
33,43,15,0
33,44,17,0
33,45,18,0
33,46,19,0
33,47,20,0
33,48,22,0
33,49,24,0
33,50,25,0
33,51,26,0
33,52,28,0
33,53,30,0
33,54,32,0
33,55,34,0
33,56,36,0
33,57,38,0
33,58,40,0
33,59,42,1
33,60,0,0
33,61,1,0
33,62,2,0
33,63,4,0
33,64,4,0
33,65,6,0
33,66,6,0
33,67,8,0
33,68,10,0
33,69,10,0
33,70,11,0
33,71,12,0
33,72,13,0
33,73,13,0
33,74,14,0
33,75,15,0
33,76,16,0
33,77,17,0
33,78,18,0
33,79,20,0
33,80,21,0
33,81,22,0
33,82,24,0
33,83,25,0
33,84,27,0
33,85,28,1
33,86,0,0
33,87,1,0
33,88,3,0
33,89,5,0
33,90,7,0
33,91,8,0
33,92,10,0
33,93,12,0
33,94,13,0
33,95,14,0
33,96,15,0
33,97,16,0
33,98,18,0
33,99,19,0
33,100,20,0
33,101,21,0
33,102,23,0
33,103,23,0
33,104,25,1
33,105,0,0
33,106,1,0
33,107,2,0
33,108,4,0
33,109,6,0
33,110,7,0
33,111,9,0
33,112,10,0
33,113,10,0
33,114,12,0
33,115,13,0
33,116,15,0
33,117,15,0
33,118,16,0
33,119,17,0
34,0,0,0
34,1,0,0
34,2,2,0
34,3,4,0
34,4,6,0
34,5,8,0
34,6,10,0
34,7,11,0
34,8,13,0
34,9,15,0
34,10,16,0
34,11,17,0
34,12,19,0
34,13,19,0
34,14,21,0
34,15,22,0
34,16,23,0
34,17,24,0
34,18,25,0
34,19,26,0
34,20,27,0
34,21,29,0
34,22,30,0
34,23,32,0
34,24,33,1
34,25,0,0
34,26,1,0
34,27,2,0
34,28,4,0
34,29,5,0
34,30,6,0
34,31,7,0
34,32,9,0
34,33,10,0
34,34,10,0
34,35,12,0
34,36,13,0
34,37,14,0
34,38,16,0
34,39,17,0
34,40,18,0
34,41,19,0
34,42,21,0
34,43,23,0
34,44,24,0
34,45,26,0
34,46,27,0
34,47,27,0
34,48,28,0
34,49,28,0
34,50,30,0
34,51,31,1
34,52,0,0
34,53,2,0
34,54,3,0
34,55,5,0
34,56,6,0
34,57,7,0
34,58,7,0
34,59,7,0
34,60,9,0
34,61,10,0
34,62,11,0
34,63,11,0
34,64,13,0
34,65,14,0
34,66,14,0
34,67,15,0
34,68,17,0
34,69,19,0
34,70,20,0
34,71,22,0
34,72,22,0
34,73,24,0
34,74,26,0
34,75,27,0
34,76,29,0
34,77,30,0
34,78,30,0
34,79,31,0
34,80,32,0
34,81,32,0
34,82,34,0
34,83,36,0
34,84,37,0
34,85,37,0
34,86,39,0
34,87,40,0
34,88,40,0
34,89,41,0
34,90,43,0
34,91,44,0
34,92,46,0
34,93,48,0
34,94,50,0
34,95,51,0
34,96,52,0
34,97,53,0
34,98,54,1
34,99,0,0
34,100,1,0
34,101,3,0
34,102,5,0
34,103,7,0
34,104,9,0
34,105,11,0
34,106,13,1
34,107,0,0
34,108,2,0
34,109,2,0
34,110,3,0
34,111,4,0
34,112,6,0
34,113,8,0
34,114,10,0
34,115,11,0
34,116,11,0
34,117,13,0
34,118,14,0
34,119,16,0
35,0,0,0
35,1,0,0
35,2,1,0
35,3,3,0
35,4,4,0
35,5,5,0
35,6,7,0
35,7,9,0
35,8,10,0
35,9,10,0
35,10,11,0
35,11,13,0
35,12,15,0
35,13,17,0
35,14,19,0
35,15,20,0
35,16,22,0
35,17,23,1
35,18,0,0
35,19,1,0
35,20,2,0
35,21,4,0
35,22,5,0
35,23,6,0
35,24,8,0
35,25,9,0
35,26,9,0
35,27,9,0
35,28,11,0
35,29,13,0
35,30,14,0
35,31,14,0
35,32,15,0
35,33,17,0
35,34,18,0
35,35,19,0
35,36,21,0
35,37,22,0
35,38,23,0
35,39,25,0
35,40,26,0
35,41,27,0
35,42,27,0
35,43,28,0
35,44,30,0
35,45,32,0
35,46,34,0
35,47,36,0
35,48,37,0
35,49,39,0
35,50,40,0
35,51,42,0
35,52,44,0
35,53,45,0
35,54,46,0
35,55,48,0
35,56,49,0
35,57,51,0
35,58,52,0
35,59,54,1
35,60,0,0
35,61,1,0
35,62,3,0
35,63,4,0
35,64,6,0
35,65,7,0
35,66,9,0
35,67,11,0
35,68,13,0
35,69,14,0
35,70,16,0
35,71,17,0
35,72,18,0
35,73,19,0
35,74,20,0
35,75,22,0
35,76,24,0
35,77,25,0
35,78,27,0
35,79,29,0
35,80,31,0
35,81,32,0
35,82,34,0
35,83,35,0
35,84,36,0
35,85,37,0
35,86,37,0
35,87,38,0
35,88,40,0
35,89,40,0
35,90,41,1
35,91,0,0
35,92,1,0
35,93,2,0
35,94,3,0
35,95,3,0
35,96,5,0
35,97,7,0
35,98,8,0
35,99,9,0
35,100,10,0
35,101,11,0
35,102,13,0
35,103,14,0
35,104,15,0
35,105,17,0
35,106,17,0
35,107,18,0
35,108,19,0
35,109,21,0
35,110,23,0
35,111,24,0
35,112,25,0
35,113,26,0
35,114,28,0
35,115,30,0
35,116,31,1
35,117,0,0
35,118,2,0
35,119,4,0
36,0,0,0
36,1,2,0
36,2,2,0
36,3,4,0
36,4,5,0
36,5,6,0
36,6,8,0
36,7,10,0
36,8,11,0
36,9,13,0
36,10,14,0
36,11,16,0
36,12,17,0
36,13,19,0
36,14,20,0
36,15,22,0
36,16,24,0
36,17,25,0
36,18,27,0
36,19,29,0
36,20,30,0
36,21,32,0
36,22,33,0
36,23,35,0
36,24,37,1
36,25,0,0
36,26,1,0
36,27,2,0
36,28,3,0
36,29,5,0
36,30,7,0
36,31,8,0
36,32,8,0
36,33,10,0
36,34,10,0
36,35,11,0
36,36,12,0
36,37,14,0
36,38,16,0
36,39,17,0
36,40,17,0
36,41,19,0
36,42,20,0
36,43,22,0
36,44,24,0
36,45,26,1
36,46,0,0
36,47,2,0
36,48,3,0
36,49,4,0
36,50,5,0
36,51,7,0
36,52,9,0
36,53,11,0
36,54,11,0
36,55,12,0
36,56,13,0
36,57,14,0
36,58,15,0
36,59,16,0
36,60,18,0
36,61,20,0
36,62,21,0
36,63,23,0
36,64,24,0
36,65,24,0
36,66,26,0
36,67,28,0
36,68,30,0
36,69,31,0
36,70,32,0
36,71,33,0
36,72,34,0
36,73,35,0
36,74,36,0
36,75,37,0
36,76,38,1
36,77,0,0
36,78,1,0
36,79,2,0
36,80,3,0
36,81,3,0
36,82,5,0
36,83,6,0
36,84,7,0
36,85,8,0
36,86,9,0
36,87,11,0
36,88,13,0
36,89,15,0
36,90,16,0
36,91,18,0
36,92,19,0
36,93,21,0
36,94,23,0
36,95,24,0
36,96,25,0
36,97,25,0
36,98,27,0
36,99,29,0
36,100,31,0
36,101,32,0
36,102,33,1
36,103,0,0
36,104,0,0
36,105,1,0
36,106,3,0
36,107,4,0
36,108,5,0
36,109,6,0
36,110,7,0
36,111,8,0
36,112,10,0
36,113,11,0
36,114,12,0
36,115,14,1
36,116,0,0
36,117,2,0
36,118,3,0
36,119,5,0
37,0,0,0
37,1,1,0
37,2,3,0
37,3,5,0
37,4,6,0
37,5,8,0
37,6,10,0
37,7,11,0
37,8,13,0
37,9,13,0
37,10,14,0
37,11,16,0
37,12,17,0
37,13,18,0
37,14,20,0
37,15,21,0
37,16,23,0
37,17,25,0
37,18,27,0
37,19,29,0
37,20,31,0
37,21,33,0
37,22,35,0
37,23,37,0
37,24,39,0
37,25,39,0
37,26,41,0
37,27,43,0
37,28,44,0
37,29,46,0
37,30,47,0
37,31,49,0
37,32,50,1
37,33,0,0
37,34,2,0
37,35,4,0
37,36,5,0
37,37,7,0
37,38,8,0
37,39,10,0
37,40,12,0
37,41,13,0
37,42,14,0
37,43,15,0
37,44,17,0
37,45,18,0
37,46,20,0
37,47,22,0
37,48,23,0
37,49,25,0
37,50,25,0
37,51,27,0
37,52,29,0
37,53,30,0
37,54,32,0
37,55,34,0
37,56,35,0
37,57,35,0
37,58,37,0
37,59,38,0
37,60,39,0
37,61,40,0
37,62,41,0
37,63,42,0
37,64,44,0
37,65,46,0
37,66,46,1
37,67,0,0
37,68,1,0
37,69,2,0
37,70,4,0
37,71,5,0
37,72,6,0
37,73,7,0
37,74,8,0
37,75,10,0
37,76,11,0
37,77,13,0
37,78,14,0
37,79,16,0
37,80,17,0
37,81,18,0
37,82,18,1
37,83,0,0
37,84,2,0
37,85,3,0
37,86,5,0
37,87,5,0
37,88,6,0
37,89,8,0
37,90,9,0
37,91,10,0
37,92,11,0
37,93,13,0
37,94,15,0
37,95,16,0
37,96,17,0
37,97,18,0
37,98,19,0
37,99,21,0
37,100,22,0
37,101,23,0
37,102,23,0
37,103,24,0
37,104,26,0
37,105,27,1
37,106,0,0
37,107,2,0
37,108,4,0
37,109,5,0
37,110,7,0
37,111,8,0
37,112,9,0
37,113,10,0
37,114,12,0
37,115,14,0
37,116,15,0
37,117,16,0
37,118,17,0
37,119,19,0
38,0,0,0
38,1,1,0
38,2,3,0
38,3,4,0
38,4,5,0
38,5,6,0
38,6,8,0
38,7,10,0
38,8,11,0
38,9,12,0
38,10,13,0
38,11,13,0
38,12,15,0
38,13,16,0
38,14,17,0
38,15,18,0
38,16,20,0
38,17,21,0
38,18,22,0
38,19,23,0
38,20,25,0
38,21,27,0
38,22,27,0
38,23,28,1
38,24,0,0
38,25,2,0
38,26,3,0
38,27,4,0
38,28,5,0
38,29,6,0
38,30,7,0
38,31,8,0
38,32,9,0
38,33,11,0
38,34,12,0
38,35,14,0
38,36,16,0
38,37,18,0
38,38,20,0
38,39,22,0
38,40,23,0
38,41,25,0
38,42,26,0
38,43,28,0
38,44,30,0
38,45,30,0
38,46,31,0
38,47,32,0
38,48,32,0
38,49,33,0
38,50,35,0
38,51,36,0
38,52,37,0
38,53,38,0
38,54,39,0
38,55,41,0
38,56,43,0
38,57,44,0
38,58,45,0
38,59,47,0
38,60,49,0
38,61,51,0
38,62,52,0
38,63,54,1
38,64,0,0
38,65,2,0
38,66,3,0
38,67,4,0
38,68,5,0
38,69,7,0
38,70,8,0
38,71,9,0
38,72,11,0
38,73,11,0
38,74,11,0
38,75,11,0
38,76,13,0
38,77,14,0
38,78,16,0
38,79,18,0
38,80,19,0
38,81,20,0
38,82,21,0
38,83,22,0
38,84,24,0
38,85,26,0
38,86,26,0
38,87,28,0
38,88,29,0
38,89,31,1
38,90,0,0
38,91,1,0
38,92,2,0
38,93,4,0
38,94,6,0
38,95,8,0
38,96,9,0
38,97,11,0
38,98,12,0
38,99,13,0
38,100,14,0
38,101,16,0
38,102,17,0
38,103,19,0
38,104,21,0
38,105,22,0
38,106,23,0
38,107,25,0
38,108,27,0
38,109,28,1
38,110,0,0
38,111,1,0
38,112,2,0
38,113,4,0
38,114,6,0
38,115,8,0
38,116,8,0
38,117,10,0
38,118,11,0
38,119,12,0
39,0,0,0
39,1,2,0
39,2,3,0
39,3,5,0
39,4,5,0
39,5,6,0
39,6,7,0
39,7,8,0
39,8,8,0
39,9,9,0
39,10,10,0
39,11,12,0
39,12,14,0
39,13,16,0
39,14,18,0
39,15,19,0
39,16,21,0
39,17,22,0
39,18,23,0
39,19,24,0
39,20,26,0
39,21,27,0
39,22,29,0
39,23,30,0
39,24,30,0
39,25,31,0
39,26,33,0
39,27,34,0
39,28,36,0
39,29,37,0
39,30,38,0
39,31,39,1
39,32,0,0
39,33,0,0
39,34,2,0
39,35,4,0
39,36,5,0
39,37,6,0
39,38,8,0
39,39,9,0
39,40,11,0
39,41,13,0
39,42,14,0
39,43,16,0
39,44,17,0
39,45,18,0
39,46,20,0
39,47,22,0
39,48,22,0
39,49,22,0
39,50,23,0
39,51,23,0
39,52,24,0
39,53,26,0
39,54,28,0
39,55,29,0
39,56,30,1
39,57,0,0
39,58,1,0
39,59,1,0
39,60,3,0
39,61,5,0
39,62,5,0
39,63,6,0
39,64,7,0
39,65,8,0
39,66,9,0
39,67,10,0
39,68,12,0
39,69,13,0
39,70,15,0
39,71,17,0
39,72,19,0
39,73,20,0
39,74,21,0
39,75,23,0
39,76,25,0
39,77,27,0
39,78,29,0
39,79,30,0
39,80,31,0
39,81,33,0
39,82,34,0
39,83,36,0
39,84,37,1
39,85,0,0
39,86,2,0
39,87,4,0
39,88,5,0
39,89,7,0
39,90,9,0
39,91,11,0
39,92,12,0
39,93,14,0
39,94,15,0
39,95,16,0
39,96,17,0
39,97,19,0
39,98,21,0
39,99,22,0
39,100,23,0
39,101,23,0
39,102,24,0
39,103,24,0
39,104,26,1
39,105,0,0
39,106,2,0
39,107,3,0
39,108,5,0
39,109,6,0
39,110,8,0
39,111,10,0
39,112,12,0
39,113,13,0
39,114,15,1
39,115,0,0
39,116,2,0
39,117,4,0
39,118,4,0
39,119,6,0
40,0,0,0
40,1,1,0
40,2,3,0
40,3,4,0
40,4,5,0
40,5,6,0
40,6,8,0
40,7,9,0
40,8,10,0
40,9,12,0
40,10,14,0
40,11,15,0
40,12,16,0
40,13,17,0
40,14,19,0
40,15,21,0
40,16,22,0
40,17,23,0
40,18,25,0
40,19,27,0
40,20,27,0
40,21,29,1
40,22,0,0
40,23,1,0
40,24,1,0
40,25,2,0
40,26,4,0
40,27,5,0
40,28,6,0
40,29,7,0
40,30,9,0
40,31,10,0
40,32,12,0
40,33,13,0
40,34,14,0
40,35,16,0
40,36,18,0
40,37,19,0
40,38,21,0
40,39,23,0
40,40,24,0
40,41,25,0
40,42,26,0
40,43,28,0
40,44,30,0
40,45,32,0
40,46,34,0
40,47,34,0
40,48,36,0
40,49,37,0
40,50,37,0
40,51,39,0
40,52,41,0
40,53,42,0
40,54,43,1
40,55,0,0
40,56,1,0
40,57,2,0
40,58,3,0
40,59,4,0
40,60,6,0
40,61,7,0
40,62,9,0
40,63,11,0
40,64,13,0
40,65,15,0
40,66,17,0
40,67,18,0
40,68,19,0
40,69,20,0
40,70,22,0
40,71,23,0
40,72,24,0
40,73,26,0
40,74,27,0
40,75,29,0
40,76,31,0
40,77,32,0
40,78,34,0
40,79,35,0
40,80,36,0
40,81,37,1
40,82,0,0
40,83,1,0
40,84,3,0
40,85,4,0
40,86,5,0
40,87,6,0
40,88,6,0
40,89,7,0
40,90,8,0
40,91,9,0
40,92,10,0
40,93,10,0
40,94,10,0
40,95,11,0
40,96,13,0
40,97,15,1
40,98,0,0
40,99,1,0
40,100,2,0
40,101,2,0
40,102,3,0
40,103,4,0
40,104,6,0
40,105,7,0
40,106,9,0
40,107,11,0
40,108,12,0
40,109,13,0
40,110,14,0
40,111,15,0
40,112,16,0
40,113,17,0
40,114,18,0
40,115,19,0
40,116,19,0
40,117,20,0
40,118,22,0
40,119,24,0
41,0,0,0
41,1,2,0
41,2,4,0
41,3,6,0
41,4,8,0
41,5,8,0
41,6,9,0
41,7,11,0
41,8,13,0
41,9,15,0
41,10,16,0
41,11,18,0
41,12,19,0
41,13,20,0
41,14,21,0
41,15,22,0
41,16,22,0
41,17,24,0
41,18,26,0
41,19,27,0
41,20,29,0
41,21,30,0
41,22,32,0
41,23,33,0
41,24,33,0
41,25,35,0
41,26,35,0
41,27,35,0
41,28,35,0
41,29,35,0
41,30,36,0
41,31,37,0
41,32,38,0
41,33,40,1
41,34,0,0
41,35,1,0
41,36,2,0
41,37,3,0
41,38,4,0
41,39,6,0
41,40,6,0
41,41,7,0
41,42,9,0
41,43,11,0
41,44,13,0
41,45,14,0
41,46,15,0
41,47,15,0
41,48,17,0
41,49,18,0
41,50,19,0
41,51,20,0
41,52,22,0
41,53,24,0
41,54,24,1
41,55,0,0
41,56,1,0
41,57,2,0
41,58,4,0
41,59,6,0
41,60,7,0
41,61,8,0
41,62,9,0
41,63,11,0
41,64,12,0
41,65,13,0
41,66,13,0
41,67,14,0
41,68,15,0
41,69,16,0
41,70,16,0
41,71,17,0
41,72,18,0
41,73,19,0
41,74,20,0
41,75,21,0
41,76,23,0
41,77,25,0
41,78,27,0
41,79,29,0
41,80,31,0
41,81,32,0
41,82,32,0
41,83,34,0
41,84,35,0
41,85,36,0
41,86,37,0
41,87,39,0
41,88,40,0
41,89,42,0
41,90,43,0
41,91,45,0
41,92,46,0
41,93,47,0
41,94,49,0
41,95,51,0
41,96,52,0
41,97,54,1
41,98,0,0
41,99,2,0
41,100,4,0
41,101,4,0
41,102,6,0
41,103,8,0
41,104,9,0
41,105,9,0
41,106,10,0
41,107,12,0
41,108,13,0
41,109,14,0
41,110,16,0
41,111,18,0
41,112,19,0
41,113,20,0
41,114,22,0
41,115,23,0
41,116,23,0
41,117,24,0
41,118,25,0
41,119,26,0
42,0,0,0
42,1,0,0
42,2,2,0
42,3,2,0
42,4,3,0
42,5,5,0
42,6,7,0
42,7,8,0
42,8,9,0
42,9,11,0
42,10,12,0
42,11,13,0
42,12,13,0
42,13,14,0
42,14,15,0
42,15,16,0
42,16,17,0
42,17,18,0
42,18,19,0
42,19,20,0
42,20,21,0
42,21,22,0
42,22,23,0
42,23,25,0
42,24,26,0
42,25,28,0
42,26,30,0
42,27,31,0
42,28,32,0
42,29,33,0
42,30,35,0
42,31,36,0
42,32,38,0
42,33,40,1
42,34,0,0
42,35,1,0
42,36,3,0
42,37,5,0
42,38,6,0
42,39,7,0
42,40,9,0
42,41,11,0
42,42,13,0
42,43,14,0
42,44,15,0
42,45,16,0
42,46,18,1
42,47,0,0
42,48,2,0
42,49,3,0
42,50,4,0
42,51,5,0
42,52,6,0
42,53,6,0
42,54,8,0
42,55,9,0
42,56,10,0
42,57,11,0
42,58,11,0
42,59,12,0
42,60,13,0
42,61,13,0
42,62,15,0
42,63,17,0
42,64,17,0
42,65,18,0
42,66,20,0
42,67,22,0
42,68,23,0
42,69,24,0
42,70,24,0
42,71,25,0
42,72,26,0
42,73,28,0
42,74,29,0
42,75,30,0
42,76,32,0
42,77,33,0
42,78,35,0
42,79,36,0
42,80,37,0
42,81,39,0
42,82,41,0
42,83,42,1
42,84,0,0
42,85,1,0
42,86,3,0
42,87,5,0
42,88,6,0
42,89,7,0
42,90,8,0
42,91,9,0
42,92,10,0
42,93,12,0
42,94,13,0
42,95,15,0
42,96,17,0
42,97,19,0
42,98,20,0
42,99,20,0
42,100,21,0
42,101,23,1
42,102,0,0
42,103,1,0
42,104,3,0
42,105,5,0
42,106,7,0
42,107,8,0
42,108,9,0
42,109,11,0
42,110,12,0
42,111,14,0
42,112,15,0
42,113,16,0
42,114,17,0
42,115,19,0
42,116,19,0
42,117,21,0
42,118,23,0
42,119,25,0
43,0,0,0
43,1,1,0
43,2,2,0
43,3,3,0
43,4,5,0
43,5,5,0
43,6,7,0
43,7,7,0
43,8,8,0
43,9,8,0
43,10,10,1
43,11,0,0
43,12,2,0
43,13,4,0
43,14,6,0
43,15,6,0
43,16,7,0
43,17,7,0
43,18,9,0
43,19,11,0
43,20,13,0
43,21,14,0
43,22,16,0
43,23,17,0
43,24,19,1
43,25,0,0
43,26,2,0
43,27,3,0
43,28,4,0
43,29,6,0
43,30,8,0
43,31,9,0
43,32,10,0
43,33,11,0
43,34,12,0
43,35,14,0
43,36,16,0
43,37,17,0
43,38,19,0
43,39,20,0
43,40,21,0
43,41,23,0
43,42,24,0
43,43,26,0
43,44,27,0
43,45,29,1
43,46,0,0
43,47,2,0
43,48,3,0
43,49,4,0
43,50,6,0
43,51,8,0
43,52,9,0
43,53,11,0
43,54,12,0
43,55,14,0
43,56,16,0
43,57,17,0
43,58,19,0
43,59,19,0
43,60,21,0
43,61,21,0
43,62,22,0
43,63,23,0
43,64,25,0
43,65,27,0
43,66,29,0
43,67,31,0
43,68,32,0
43,69,33,0
43,70,34,0
43,71,34,0
43,72,35,0
43,73,36,0
43,74,37,0
43,75,39,0
43,76,40,1
43,77,0,0
43,78,1,0
43,79,2,0
43,80,4,0
43,81,6,0
43,82,8,0
43,83,9,0
43,84,10,0
43,85,11,0
43,86,11,0
43,87,13,0
43,88,13,0
43,89,15,0
43,90,17,0
43,91,18,0
43,92,19,0
43,93,21,0
43,94,22,0
43,95,24,0
43,96,25,0
43,97,25,0
43,98,27,0
43,99,29,0
43,100,31,0
43,101,32,0
43,102,33,0
43,103,35,0
43,104,36,0
43,105,36,0
43,106,36,0
43,107,38,0
43,108,40,0
43,109,42,0
43,110,44,0
43,111,46,1
43,112,0,0
43,113,1,0
43,114,2,0
43,115,3,0
43,116,4,0
43,117,6,0
43,118,8,0
43,119,9,0
44,0,0,0
44,1,0,0
44,2,1,0
44,3,3,0
44,4,4,0
44,5,4,0
44,6,6,0
44,7,8,0
44,8,10,0
44,9,11,0
44,10,13,0
44,11,13,0
44,12,14,0
44,13,16,0
44,14,18,0
44,15,18,0
44,16,20,0
44,17,20,0
44,18,21,0
44,19,22,0
44,20,23,0
44,21,25,0
44,22,25,0
44,23,26,0
44,24,27,0
44,25,28,0
44,26,30,0
44,27,31,0
44,28,33,0
44,29,34,0
44,30,36,0
44,31,38,0
44,32,38,0
44,33,39,0
44,34,41,0
44,35,42,0
44,36,44,0
44,37,45,1
44,38,0,0
44,39,1,0
44,40,3,0
44,41,5,0
44,42,5,0
44,43,6,0
44,44,6,0
44,45,8,0
44,46,9,0
44,47,11,0
44,48,12,0
44,49,13,0
44,50,14,0
44,51,15,0
44,52,17,0
44,53,19,0
44,54,20,0
44,55,22,0
44,56,24,0
44,57,25,0
44,58,27,0
44,59,28,0
44,60,28,0
44,61,30,0
44,62,32,0
44,63,34,0
44,64,36,0
44,65,38,0
44,66,40,0
44,67,41,0
44,68,43,0
44,69,45,0
44,70,46,0
44,71,48,1
44,72,0,0
44,73,2,0
44,74,3,0
44,75,5,0
44,76,7,0
44,77,8,0
44,78,9,0
44,79,11,0
44,80,12,0
44,81,13,0
44,82,15,0
44,83,17,0
44,84,18,0
44,85,20,0
44,86,21,0
44,87,22,0
44,88,24,0
44,89,25,0
44,90,27,0
44,91,28,0
44,92,29,1
44,93,0,0
44,94,1,0
44,95,2,0
44,96,2,0
44,97,4,0
44,98,4,0
44,99,5,0
44,100,7,0
44,101,8,0
44,102,9,0
44,103,10,0
44,104,11,0
44,105,13,0
44,106,14,0
44,107,15,0
44,108,15,0
44,109,17,0
44,110,17,0
44,111,19,0
44,112,21,0
44,113,22,0
44,114,24,0
44,115,24,0
44,116,26,0
44,117,27,0
44,118,29,0
44,119,30,0
45,0,0,0
45,1,2,0
45,2,4,0
45,3,5,0
45,4,7,0
45,5,9,0
45,6,9,0
45,7,11,0
45,8,12,0
45,9,13,0
45,10,13,0
45,11,15,0
45,12,16,0
45,13,17,0
45,14,19,0
45,15,20,0
45,16,21,0
45,17,22,0
45,18,23,0
45,19,23,0
45,20,24,0
45,21,25,1
45,22,0,0
45,23,2,0
45,24,4,0
45,25,5,0
45,26,7,0
45,27,8,0
45,28,10,0
45,29,10,0
45,30,11,0
45,31,12,0
45,32,14,0
45,33,15,0
45,34,16,0
45,35,17,0
45,36,19,0
45,37,21,0
45,38,23,0
45,39,25,0
45,40,26,0
45,41,27,0
45,42,27,0
45,43,29,0
45,44,31,0
45,45,33,0
45,46,35,0
45,47,36,0
45,48,37,0
45,49,39,0
45,50,40,1
45,51,0,0
45,52,2,0
45,53,3,0
45,54,3,0
45,55,4,0
45,56,4,0
45,57,6,0
45,58,8,0
45,59,9,0
45,60,11,0
45,61,12,0
45,62,13,0
45,63,15,0
45,64,17,0
45,65,18,0
45,66,19,0
45,67,20,0
45,68,22,0
45,69,23,0
45,70,25,0
45,71,26,0
45,72,27,0
45,73,29,0
45,74,29,0
45,75,29,0
45,76,30,0
45,77,31,0
45,78,33,1
45,79,0,0
45,80,2,0
45,81,4,0
45,82,5,0
45,83,7,0
45,84,8,0
45,85,10,0
45,86,11,0
45,87,12,0
45,88,13,0
45,89,14,0
45,90,15,0
45,91,15,0
45,92,17,0
45,93,19,0
45,94,20,0
45,95,20,0
45,96,22,0
45,97,22,0
45,98,24,0
45,99,26,0
45,100,28,0
45,101,29,0
45,102,31,0
45,103,33,0
45,104,34,0
45,105,35,0
45,106,37,0
45,107,39,1
45,108,0,0
45,109,1,0
45,110,3,0
45,111,4,0
45,112,6,0
45,113,8,0
45,114,10,0
45,115,12,0
45,116,14,0
45,117,14,0
45,118,16,0
45,119,16,0
46,0,0,0
46,1,1,0
46,2,3,0
46,3,3,0
46,4,4,0
46,5,5,0
46,6,6,0
46,7,8,0
46,8,9,0
46,9,10,0
46,10,10,0
46,11,12,0
46,12,13,0
46,13,15,0
46,14,16,0
46,15,18,0
46,16,19,0
46,17,21,0
46,18,23,0
46,19,24,0
46,20,24,0
46,21,26,0
46,22,27,0
46,23,28,0
46,24,29,0
46,25,30,0
46,26,31,0
46,27,33,0
46,28,35,0
46,29,36,0
46,30,37,0
46,31,37,0
46,32,37,0
46,33,38,0
46,34,38,0
46,35,40,0
46,36,41,0
46,37,43,1
46,38,0,0
46,39,1,0
46,40,3,0
46,41,5,0
46,42,6,0
46,43,7,0
46,44,9,0
46,45,11,0
46,46,13,0
46,47,14,0
46,48,15,0
46,49,17,0
46,50,18,0
46,51,18,0
46,52,19,0
46,53,20,0
46,54,22,0
46,55,23,0
46,56,25,0
46,57,27,0
46,58,28,0
46,59,29,0
46,60,31,0
46,61,33,0
46,62,34,0
46,63,34,0
46,64,35,0
46,65,37,0
46,66,38,0
46,67,39,0
46,68,40,0
46,69,41,0
46,70,43,0
46,71,44,1
46,72,0,0
46,73,2,0
46,74,4,0
46,75,6,0
46,76,7,0
46,77,8,0
46,78,10,0
46,79,10,0
46,80,11,0
46,81,13,0
46,82,15,0
46,83,17,0
46,84,19,0
46,85,21,0
46,86,23,0
46,87,25,0
46,88,27,0
46,89,29,1
46,90,0,0
46,91,1,0
46,92,1,0
46,93,1,0
46,94,2,0
46,95,3,0
46,96,5,0
46,97,7,0
46,98,7,0
46,99,9,0
46,100,11,0
46,101,12,0
46,102,13,0
46,103,14,0
46,104,15,0
46,105,16,0
46,106,17,0
46,107,19,0
46,108,20,0
46,109,22,0
46,110,23,0
46,111,24,0
46,112,25,0
46,113,27,0
46,114,29,0
46,115,30,0
46,116,32,0
46,117,32,0
46,118,33,0
46,119,34,0
47,0,0,0
47,1,1,0
47,2,2,0
47,3,3,0
47,4,5,0
47,5,6,0
47,6,6,0
47,7,8,0
47,8,9,0
47,9,10,0
47,10,12,0
47,11,14,0
47,12,14,0
47,13,15,0
47,14,16,0
47,15,17,0
47,16,18,0
47,17,20,0
47,18,22,0
47,19,22,0
47,20,22,0
47,21,23,0
47,22,24,0
47,23,25,0
47,24,26,0
47,25,28,0
47,26,30,0
47,27,31,0
47,28,32,0
47,29,33,0
47,30,33,1
47,31,0,0
47,32,2,0
47,33,4,0
47,34,6,0
47,35,8,0
47,36,9,0
47,37,10,0
47,38,10,0
47,39,12,0
47,40,13,0
47,41,14,0
47,42,15,0
47,43,17,0
47,44,19,0
47,45,20,0
47,46,21,0
47,47,22,0
47,48,23,0
47,49,24,0
47,50,26,0
47,51,27,0
47,52,28,0
47,53,30,0
47,54,32,0
47,55,34,0
47,56,36,1
47,57,0,0
47,58,1,0
47,59,3,0
47,60,3,0
47,61,3,0
47,62,3,0
47,63,4,0
47,64,5,0
47,65,6,0
47,66,7,0
47,67,9,0
47,68,9,0
47,69,9,0
47,70,10,0
47,71,12,0
47,72,13,0
47,73,14,0
47,74,15,0
47,75,16,0
47,76,17,0
47,77,17,0
47,78,18,0
47,79,19,0
47,80,21,0
47,81,23,0
47,82,24,0
47,83,26,0
47,84,27,0
47,85,27,0
47,86,28,0
47,87,29,0
47,88,30,0
47,89,31,0
47,90,32,0
47,91,34,0
47,92,36,0
47,93,38,1
47,94,0,0
47,95,0,0
47,96,1,0
47,97,2,0
47,98,2,0
47,99,4,0
47,100,4,0
47,101,6,0
47,102,7,0
47,103,9,0
47,104,9,0
47,105,10,0
47,106,10,0
47,107,11,0
47,108,13,0
47,109,14,0
47,110,16,0
47,111,17,0
47,112,18,0
47,113,18,0
47,114,19,0
47,115,20,0
47,116,21,0
47,117,21,0
47,118,21,0
47,119,22,0
48,0,0,0
48,1,1,0
48,2,1,0
48,3,1,0
48,4,2,0
48,5,4,0
48,6,5,0
48,7,7,0
48,8,8,0
48,9,10,0
48,10,10,0
48,11,12,0
48,12,13,0
48,13,14,0
48,14,16,0
48,15,17,0
48,16,19,0
48,17,20,0
48,18,21,0
48,19,22,0
48,20,23,0
48,21,25,0
48,22,26,0
48,23,28,0
48,24,29,0
48,25,30,0
48,26,31,0
48,27,33,0
48,28,34,0
48,29,36,0
48,30,38,0
48,31,39,0
48,32,40,0
48,33,41,0
48,34,42,0
48,35,42,1
48,36,0,0
48,37,2,0
48,38,4,0
48,39,5,0
48,40,6,0
48,41,8,0
48,42,10,0
48,43,11,0
48,44,12,0
48,45,14,0
48,46,16,0
48,47,17,0
48,48,18,0
48,49,19,0
48,50,21,0
48,51,23,0
48,52,25,0
48,53,25,0
48,54,27,0
48,55,28,0
48,56,29,0
48,57,30,0
48,58,32,0
48,59,34,0
48,60,35,0
48,61,36,0
48,62,37,0
48,63,39,0
48,64,40,1
48,65,0,0
48,66,1,0
48,67,3,0
48,68,3,0
48,69,3,0
48,70,4,0
48,71,5,0
48,72,6,0
48,73,7,0
48,74,8,0
48,75,10,0
48,76,11,0
48,77,11,0
48,78,12,0
48,79,14,0
48,80,15,0
48,81,16,0
48,82,17,0
48,83,19,0
48,84,21,0
48,85,23,0
48,86,25,0
48,87,27,0
48,88,28,0
48,89,30,0
48,90,32,0
48,91,34,0
48,92,35,0
48,93,36,0
48,94,37,0
48,95,38,0
48,96,39,1
48,97,0,0
48,98,1,0
48,99,2,0
48,100,3,0
48,101,5,0
48,102,7,0
48,103,9,0
48,104,11,0
48,105,11,0
48,106,13,0
48,107,15,0
48,108,17,0
48,109,18,0
48,110,18,0
48,111,20,0
48,112,21,0
48,113,22,0
48,114,23,0
48,115,24,0
48,116,25,0
48,117,27,0
48,118,28,0
48,119,29,0
49,0,0,0
49,1,1,0
49,2,3,0
49,3,4,0
49,4,6,0
49,5,7,0
49,6,9,0
49,7,11,0
49,8,11,0
49,9,12,0
49,10,12,1
49,11,0,0
49,12,1,0
49,13,2,0
49,14,3,0
49,15,4,0
49,16,5,0
49,17,7,0
49,18,8,0
49,19,8,0
49,20,10,0
49,21,11,0
49,22,13,0
49,23,14,0
49,24,16,0
49,25,18,0
49,26,19,0
49,27,20,0
49,28,21,0
49,29,23,0
49,30,24,0
49,31,25,0
49,32,26,0
49,33,28,0
49,34,30,0
49,35,32,0
49,36,33,0
49,37,34,0
49,38,36,0
49,39,36,0
49,40,37,0
49,41,39,0
49,42,41,0
49,43,43,0
49,44,45,0
49,45,45,1
49,46,0,0
49,47,1,0
49,48,1,0
49,49,1,0
49,50,3,0
49,51,4,0
49,52,5,0
49,53,5,0
49,54,7,0
49,55,9,0
49,56,11,0
49,57,13,0
49,58,14,0
49,59,15,0
49,60,17,0
49,61,18,0
49,62,19,0
49,63,21,0
49,64,23,0
49,65,25,0
49,66,26,0
49,67,28,0
49,68,29,0
49,69,30,0
49,70,31,0
49,71,31,0
49,72,33,0
49,73,34,0
49,74,36,0
49,75,36,0
49,76,38,0
49,77,39,0
49,78,41,0
49,79,42,0
49,80,44,0
49,81,46,0
49,82,48,0
49,83,50,0
49,84,51,0
49,85,53,0
49,86,55,0
49,87,56,0
49,88,58,0
49,89,59,0
49,90,60,1
49,91,0,0
49,92,1,0
49,93,2,0
49,94,3,0
49,95,5,0
49,96,7,0
49,97,8,0
49,98,10,0
49,99,10,0
49,100,11,0
49,101,12,0
49,102,14,0
49,103,15,0
49,104,16,0
49,105,17,0
49,106,18,0
49,107,19,0
49,108,20,0
49,109,21,0
49,110,22,0
49,111,24,0
49,112,26,0
49,113,28,0
49,114,30,0
49,115,32,0
49,116,33,0
49,117,34,0
49,118,35,0
49,119,36,0
